id,NAME,주소,위도,경도
1,나로도,내나로도 구룡마을 갯바위,34-32-37.3N,127-27-13.3E
2,제주도 서부·차귀도·비양도,비양도 북측 큰여,33-24-42.1N,126-13-25.5E
3,제주도 북서부,용두암 낚시터,33-31-00.2N,126-30-28.7E
4,제주도 동부,방두곶 좌측 갯바위,33-26-04.6N,126-55-44.7E
5,제주도 남동부,가막코지 갯바위,33-14-19.3N,126-39-50.0E
6,대청도·소청도,대청도 기름아가리(기름바다),37-48-23.6N,124-41-39.9E
7,대청도·소청도,대청도 지두리해변 갯바위,37-49-20.1N,124-40-47.0E
8,자월도,마바위,37-16-08.1N,126-17-31.8E
9,자월도,분모골,37-14-45.2N,126-19-49.4E
10,자월도,항도(목섬) 부근,37-15-19.8N,126-17-23.6E
11,이작도·승봉도,대이작도 오형제바위,37-10-52.6N,126-15-17.0E
12,이작도·승봉도,대이작도 토끼바위 부근,37-09-35.6N,126-16-23.6E
13,백아도·굴업도,굴업도 해수욕장 북쪽 갯바위,37-11-40.1N,125-59-01.2E
14,입파도·국화도,국화도 도지섬 부근,37-03-16.3N,126-32-59.1E
15,풍도·난지도,대난지도 도끝이 부근,37-02-39.4N,126-26-58.3E
16,원산도·삽시도,원산도 개간지,36-22-15.5N,126-23-04.0E
17,원산도·삽시도,삽시도 촛대바위,36-19-44.8N,126-20-23.6E
18,호도·녹도·외연도,호도 안통,36-17-44.6N,126-15-27.3E
19,어청도·연도,어청도 등대 부근,36-07-34.1N,125-58-00.7E
20,십이동파도·비안도,비안도 제방,35-44-06.0N,126-27-28.6E
21,말도·방축도,말도 단도 부근,35-51-20.9N,126-18-51.3E
22,선유도·무녀도·장자도·신시도,무녀도 구마을 백사장 부근,35-48-02.1N,126-26-17.7E
23,왕등도·위도,하왕등도 코구렁,35-38-12.3N,126-07-47.7E
24,왕등도·위도,위도 모여 부근,35-35-53.5N,126-15-29.0E
25,비금도·도초도,비금도 계남서 부근,34-47-59.6N,125-58-16.2E
26,금오도·안도,금오도 학동마을 이장바위,34-30-05.9N,127-45-11.3E
27,금오도·안도,안도 벼락바위,34-28-34.2N,127-49-15.8E
28,사량도,상사량도 한탄여 부근,34-49-38.0N,128-10-58.4E
29,사량도,상사량도 옥바위 부근,34-50-34.0N,128-10-04.1E
30,욕지도,대송끝 곶부리,34-39-09.3N,128-14-02.4E
31,욕지도,야포마을 갯바위,34-38-05.3N,128-16-47.9E
32,욕지도,낮은목 부근 갯바위,34-37-17.2N,128-16-21.5E
33,욕지도,총바위 부근,34-37-54.6N,128-13-43.4E
34,미륵도,풍화리 남서측 곶부리,34-49-05.7N,128-20-08.0E
35,비진도·매물도,비진도 노루여 들머리 부근,34-42-16.2N,128-27-08.5E
36,비진도·매물도,대매물도 동섬치,34-38-24.4N,128-35-07.5E
37,비진도·매물도,대매물도 촛대바위 부근,34-37-57.7N,128-33-56.5E
38,비진도·매물도,소매물도 마을 서측 갯바위,34-37-43.9N,128-32-44.7E
39,거제도 북동부,덕포 초소밑 갯바위,34-54-38.0N,128-43-12.2E
40,거제도 북동부,장승포 나래바위,34-51-56.3N,128-44-21.4E
41,연평도,얼굴바위 앞,37-36-15.8N,125-43-10.1E
42,연평도,모이도 갯바위,37-38-38.8N,125-43-03.6E
43,영종도·용유도,모래 채집장 ,37-29-54.0N,126-26-24.7E
44,영종도·용유도,잠진도 연륙교,37-25-13.4N,126-24-52.8E
45,안면도 북부,할미할아비 바위,36-30-05.4N,126-19-51.8E
46,안면도 남 부,망재,36-26-17.0N,126-19-56.4E
47,안면도 남 부,장삼포 해변 남측 갯바위,36-24-55.9N,126-21-44.1E
48,안면도 남 부,소도 갯바위,36-23-53.0N,126-25-51.4E
49,가의도,동남측 첫번째 곶부리,36-40-20.67N,126-04-53.3E
50,개야도,작은철탑부근 묘지 아래 갯바위,36-02-03.7N,126-32-52.0E
51,개야도,치섬 북측 갯바위,36-02-21.8N,126-31-31.5E
52,개야도,작은 철탑 북측 갯바위,36-02-18.0N,126-32-26.5E
53,개야도,장구섬 서측 갯바위,36-02-42.2N,126-32-22.6E
54,안마도·석만도,장재여 부근 갯바위,35-21-37.5N,126-00-25.3E
55,송이도,검은바위 갯바위,35-16-59.7N,126-09-10.5E
56,노화도·보길도·소안도,소안도 돈암각 부근 갯바위,34-08-45.1N,126-37-42.3E
57,신지도,송곡리 호안로 갯바위,34-20-44.7N,126-47-13.2E
58,신지도,덕구미 부근,34-20-30.8N,126-53-55.9E
59,신지도,가인항 양식장 부근 갯바위,34-18-52.6N,126-51-56.9E
60,신지도,월양항 부근 제방,34-18-32.3N,126-50-21.0E
61,청산도·대모도,청산도 항도 제방 부근 갯바위,34-11-09.9N,126-55-11.1E
62,청산도·대모도,청산도 노랑바위,34-09-03.6N,126-54-30.1E
63,거금도,우두마을 곶부리,34-26-29.8N,127-06-07.7E
64,금일도·생일도,금곡 해수욕장 북측 갯바위,34-18-31.0N,126-57-42.9E
65,금일도·생일도,생일도 목섬,34-19-10.2N,127-00-50.7E
66,초도,외항도,34-12-39.0N,127-13-20.1E
67,돌산도,월전포 동측 갯바위,34-41-56.9N,127-47-09.3E
68,남해도 북부,서상리 갯바위,34-47-34.0N,127-50-04.6E
69,두미도,의자여,34-41-44.8N,128-10-36.6E
70,두미도,등대포인트,34-42-40.8N,128-10-31.2E
71,울릉도,태하 갯바위,37-30-56.2N,130-47-37.4E
72,울릉도,딴바위 갯바위,37-32-50.1N,130-53-34.3E
73,추자도,대서리 갯바위,33-57-57.4N,126-17-34.1E
74,당항포 부근,해상펜션 앞,35-04-16.711N,128-26-59.47E
75,진해항 부근,삼우골 서측,35-06-05.799N,128-32-31.347E
76,수영만 부근,고두말 근처바위,35-09-18.385N,129-10-38.112E
77,대청도·소청도,소청도 예동항 동쪽 갯바위,37-46-07.7N,124-45-19.4E
78,덕적도·소야도,소야도 뒷장불,37-13-27.6N,126-09-33.2E
79,이작도·승봉도,소이작도 돌살부리 부근,37-11-15.4N,126-13-08.7E
80,이작도·승봉도,소이작도 간뿌리 부근,37-10-56.1N,126-12-55.7E
81,문갑도·선갑도,문갑도 문갑해수욕장 갯바위,37-10-52.6N,126-06-52.3E
82,백아도·굴업도,백아도 기차바위 부근,37-05-03.7N,125-58-04.7E
83,영흥도·선재도·대부도·구봉도,신지도 대량곶 부근 갯바위,37-15-24.5N,126-31-27.3E
84,십이동파도·비안도,십이동파도 땅콩여,36-00-07.0N,126-13-27.3E
85,십이동파도·비안도,십이동파도 등대섬 덜컥바위,35-59-15.9N,126-13-17.3E
86,말도·방축도,말도 등대 부근 갯바위,35-51-31.7N,126-18-57.2E
87,말도·방축도,방축도 북동쪽 곶부리,35-51-22.3N,126-23-11.8E
88,선유도·무녀도·장자도·신시도,무녀도 남들포인트,35-48-07.0N,126-24-55.7E
89,제주도 남서부·가파도·마라도,가파도 남측 갯바위,33-09-42.7N,126-16-16.9E
90,제주도 남서부·가파도·마라도,장군바위 부근 갯바위,33-06-44.7N,126-16-08.4E
91,홍도,병풍바위 우측,34-40-03.538N,125-11-04.987E
92,홍도,주전자바위 인근,34-40-58.263N,125-10-41.928E
93,홍도,석화굴 인근,34-42-38.6N,125-11-58.652E
94,홍도,공작새바위 하단,34-41-43.613N,125-12-45.788E
95,만재도,남대문 부근,34-12-19.265N,125-28-57.131E
96,만재도,등대 밑 부근,34-12-52.671N,125-28-19.888E
97,목포 부근,솔섬,34-51-43.995N,126-22-00.731E
98,목포 부근,정주도,34-48-49.337N,126-21-32.556E
99,화원 부근,월래경로당 앞,34-43-02.417N,126-16-29.764E
100,화원 부근,시하도,34-42-02.671N,126-14-32.845E
101,화원 부근,석호앞들,34-38-43.714N,126-16-04.786E
102,거차수도 부근,상하죽도 교량 부근,34-15-06.254N,125-55-33.658E
103,거차수도 부근,동거차 수영장,34-14-11.11N,125-55-36.459E
104,독거군도 부근,간암여,34-13-53.534N,126-10-13.737E
105,추자군도,오리똥여 부근,33-55-47.285N,126-19-43.448E
106,추자군도,염도 우측,33-58-26.407N,126-18-32.444E
107,추자군도,추포도 남측 갯바위,33-59-08.725N,126-19-16.141E
108,해남반도 부근,양도,34-17-57.534N,126-30-32.94E
109,완도 부근,방산리 해안,34-26-18.273N,126-41-48.826E
110,완도 부근,고마도 서측 해안,34-24-48.495N,126-42-02.475E
111,강진만 부근,가우도 출렁다리 근처,34-32-05.885N,126-47-23.502E
112,강진만 부근,가우도 남측 갯바위,34-31-49.151N,126-46-59.83E
113,득량만 부근,장환마을하단,34-33-27.294N,127-00-08.941E
114,득량만 부근,신흥 부근,34-35-16.543N,127-08-36.594E
115,득량만 부근,득량도 우측하단끝,34-35-47.119N,127-06-36.973E
116,고흥호 부근,연동부근해안,34-41-36.304N,127-08-47.615E
117,거금수도 부근,달금골 동측,34-30-43.45N,127-24-25.68E
118,낭도 부근,둔병도 동측,34-37-38.711N,127-33-07.245E
119,낭도 부근,상화도 서측,34-35-49.551N,127-35-37.954E
120,순천만 부근,이천리갯바위 끝,34-44-42.846N,127-34-54.573E
121,순천만 부근,소여자도 갯바위,34-45-26.693N,127-30-38.36E
122,여수엑스포 부근,용주마을 부근,34-43-08.151N,127-38-11.57E
123,광양만 부근,한려주유소 앞,34-57-01.217N,127-52-55.98E
124,광양만 부근,유포마을 부근,34-51-45.803N,127-48-41.26E
125,손죽열도 부근,손죽 서측,34-17-04.866N,127-20-53.97E
126,손죽열도 부근,소거문 동측,34-17-24.507N,127-24-09.918E
127,간수제도,소평도 서측 홈통,34-15-26.392N,127-26-53.748E
128,대삼부도,첫곶부리 갯바위,34-03-24.459N,127-23-09.958E
129,송이도,민머리,35-16-13.0N,126-08-39.5E
130,임자도·사옥도,어유미도,35-07-52.1N,126-06-05.9E
131,고이도·매화도·선도·증도,대식도 갯바위,34-55-45.84N,126-17-45.4E
132,고이도·매화도·선도·증도,고이도 북측 끝단여,34-58-13.1N,126-16-24.9E
133,고이도·매화도·선도·증도,나룻구지,35-01-04.5N,126-06-53.8E
134,고이도·매화도·선도·증도,오징어바위,34-57-48.1N,126-07-59.3E
135,안좌도·팔금도,우이산 철탑 아래,34-45-39.5N,126-08-28.5E
136,우이도,소래등대 밑,34-37-04.4N,125-48-11.0E
137,우이도,송도 남측 갯바위,34-36-48.9N,125-52-08.6E
138,장산도,진섬 갯바위,34-38-07.2N,126-12-14.7E
139,장산도,가세 섬,34-38-57.7N,126-06-38.5E
140,개도·하의도·신의도,깊은기미,34-32-00.9N,126-01-42.9E
141,상조도·하조도·관매도,당도 안통,34-19-17.76N,126-03-17.64E
142,상조도·하조도·관매도,장산넘어 어장줄 자리,34-14-15.9N,126-04-02.3E
143,가거도,큰여,34-03-04.3N,125-07-07.1E
144,가거도,목난개 갯바위,34-04-16.9N,125-05-53.0E
145,가거도,물성밑 갯바위,34-03-15.6N,125-08-34.8E
146,입파도·국화도,입파도 동남측 돌출부,37-05-51.8N,126-32-23.0E
147,호도·녹도·외연도,호도해수욕장 갯바위,36-17-33.1N,126-15-49.0E
148,십이동파도·비안도,십이동파도 똥섬,35-58-58.5N,126-14-23.4E
149,왕등도·위도,위도 용멀 갯바위,35-36-57.4N,126-16-33.5E
150,석모도,민머루해수욕장 앞 갯바위,37-39-00.1N,126-20-03.5E
151,개야도,에게이 서측 갯바위,36-02-11.1N,126-30-47.1E
152,청산도·대모도,대모도 동리말 갯바위,34-12-01.3N,126-51-36.1E
153,목포 부근,삼호제 북측,34-51-27.246N,126-22-01.505E
154,낭도 부근,낭도산 남측,34-37-01.9N,127-33-27.542E
155,대삼부도,덜섬사이 골창여,34-03-17.758N,127-23-16.48E
156,고이도·매화도·선도·증도,마당여 갯바위,34-55-06.7N,126-12-45.2E
157,상조도·하조도·관매도,옥도 동쪽 곶부리,34-21-26.8N,126-01-17.1E
158,두미도,얼굴바위,34-41-23.8N,128-11-57.1E
159,덕적도·소야도,"덕적도 큰이마, 작은이마",37-12-42.3N,126-07-26.9E
160,선유도·무녀도·장자도·신시도,장자도 연륙교 부근,35-48-46.6N,126-24-00.2E
161,안마도·석만도,쌀썩은여 갯바위,35-20-09.9N,126-01-17.2E
162,손죽열도 부근,손죽 동측,34-17-13.933N,127-22-16.213E
163,대삼부도,동측 갯바위,34-03-23.783N,127-23-50.33E
164,덕적도·소야도,덕적도 밭지름해수욕장 갯바위,37-12-52.7N,126-08-52.0E
165,어청도·연도,연도 자갈밭,36-04-39.9N,126-26-21.4E
166,선유도·무녀도·장자도·신시도,선유도 남도 갯바위,35-48-18.3N,126-24-31.6E
167,금오도·안도,안도 서고지 북쪽 제방 끝,34-28-56.8N,127-47-47.6E
168,노화도·보길도·소안도,보길도 동쪽 곶부리,34-08-55.8N,126-36-58.3E
169,안면도 남 부,장곳 갯바위,36-24-44.2N,126-22-12.1E
170,비금도·도초도,시목해수욕장 부근 갯바위,34-39-50.8N,125-57-08.7E
171,비진도·매물도,소매물도 남쪽 취끝,34-37-25.3N,128-32-48.4E
172,개야도,개야 사수건 등대,36-02-05.7N,126-32-04.0E
173,신지도,무인등대 부근,34-18-59.9N,126-47-38.2E
174,여서도·거문도,거문도 배치바위 부근,34-00-23.1N,127-19-22.9E
175,제주도 북동부·우도,검멀레해수욕장 좌측갯바위,33-29-48.3N,126-58-09.5E
176,제주도 동부,신양포구 갯바위,33-25-58.0N,126-55-00.1E
177,제주도 남부,논짓물 주변,33-14-11.9N,126-23-24.2E
178,제주도 남서부·가파도·마라도,산이물,33-12-25.2N,126-17-30.1E
179,제주도 남서부·가파도·마라도,가파도 제단 밑 갯바위,33-10-01.7N,126-16-48.2E
180,독거군도 부근,화단도,34-13-16.227N,126-08-59.287E
181,추자군도,신양리 갯바위,33-56-26.642N,126-18-58.479E
182,거금수도 부근,지죽도 북측,34-26-25.872N,127-17-59.67E
183,낭도 부근,낭도 터미널 앞,34-36-14.664N,127-32-19.307E
184,황제도,알매섬,34-11-45.361N,127-04-34.283E
185,손죽열도 부근,소거문 해안,34-16-56.465N,127-23-34.973E
186,대삼부도,노루섬 갯바위,34-03-35.94N,127-23-03.353E
187,개도·하의도·신의도,파장여,34-33-52.5N,126-01-21.5E
188,상조도·하조도·관매도,수옥도 갯바위,34-16-19.9N,126-03-18.5E
189,가거도,성건여,34-04-31.4N,125-05-00.7E
190,남해도 북부,여계마을 해안 갯바위,34-49-09.6N,127-49-25.2E
191,남해도 동부·신수도·창선도,잘푸여 갯바위,34-53-49.2N,128-04-58.2E
192,한산도·용초도,용머리,34-43-58.7N,128-29-18.8E
193,추자도,하추자도 양식장 앞 해안,33-57-00.5N,126-18-10.3E
194,자란만 부근,오토캠핑장 앞,34-57-19.66N,128-19-49.21E
195,연화도 부근,한숨자리 인근,34-38-27.529N,128-21-28.373E
196,갈도 부근,빗바위 근처,34-34-09.1N,128-11-23.971E
197,진해만 부근,지도 서측 해안길 끝,34-54-31.284N,128-27-51.698E
198,입파도·국화도,입파도 북동측 끝단,37-06-40.2N,126-32-26.5E
199,풍도·난지도,풍도 남쪽 마을 부근,37-06-26.7N,126-23-41.0E
200,원산도·삽시도,원산도 용뿌리 갯바위,36-21-52.6N,126-24-29.8E
201,호도·녹도·외연도,외연도 서측 갯바위,36-13-40.6N,126-04-15.8E
202,어청도·연도,어청도 불탄서 부근,36-06-46.7N,125-58-20.3E
203,선유도·무녀도·장자도·신시도,신시도 북단 곶부리,35-49-54.4N,126-26-36.6E
204,금오도·안도,금오도 용두 갯바위,34-32-17.6N,127-41-50.1E
205,사량도,하사량도 말목섬 부근,34-48-02.1N,128-13-37.0E
206,욕지도,양판구미 일대,34-36-42.7N,128-14-29.4E
207,미륵도,매암말 부근 갯바위,34-46-57.7N,128-26-03.4E
208,거제도 남부,여차 남쪽끝 갯바위,34-42-33.6N,128-38-09.0E
209,거제도 남부,예구마을 제방 끝 갯바위,34-47-59.4N,128-42-53.1E
210,시도,조각공원 서측 갯바위,37-31-42.4N,126-24-15.7E
211,영종도·용유도,영종도 남측제방 초소,37-25-15.8N,126-26-33.1E
212,대삼부도,동굴 우측,34-03-39.97N,127-23-21.772E
213,진주만 부근,산분령 유료낚시터,34-57-03.565N,128-02-03.687E
214,진주만 부근,산분령 앞 마동도,34-56-06.201N,128-02-01.466E
215,추도 부근,구들빗등,34-45-05.805N,128-17-56.673E
216,추도 부근,북바위 근처,34-45-03.198N,128-17-22.617E
217,연화도 부근,십리골마을 동측 갯바위,34-38-54.415N,128-21-43.479E
218,연화도 부근,소쿠리강정 갯바위,34-38-20.16N,128-22-03.658E
219,갈도 부근,붉은바위,34-34-07.982N,128-11-20.429E
220,갈도 부근,귀신여,34-33-30.315N,128-10-45.192E
221,독거군도 부근,구도 남단,34-15-41.346N,126-10-39.428E
222,대삼부도,북동쪽 홈통,34-03-44.363N,127-23-14.77E
223,연도,절리서 근처 갯바위,34-25-48.684N,127-47-06.271E
224,추도 부근,농바위 끝,34-45-05.332N,128-18-24.72E
225,대청도·소청도,대청도 사탄동해변 갯바위,37-48-48.6N,124-40-38.1E
226,이작도·승봉도,소이작도 해군기지 부근,37-10-37.4N,126-14-26.5E
227,가거도,복여,34-04-17.4N,125-07-26.4E
228,제부도, 제부도 소방서 앞,37-09-46.9N,126-37-19.1E
229,풍도·난지도, 풍도 채석장 남측,37-06-20.8N,126-22-47.8E
230,원산도·삽시도, 삽시도 면삽지,36-20-16.2N,126-20-28.9E
231,어청도·연도, 어청도 한우담 부근,36-07-05.2N,125-59-41.0E
232,미륵도, 대양화 제방,34-49-49.3N,128-22-19.8E
233,비진도·매물도,대매물도 설풍자리,34-38-06.6N,128-33-29.3E
234,영종도·용유도,삼목수문,37-29-55.3N,126-28-21.5E
235,신지도, 대곡리 남쪽 양식장 배수구 부근,34-21-07.8N,126-50-34.7E
236,제주도 남서부·가파도·마라도,큰아끈여 갯바위,33-10-09.1N,126-15-48.7E
237,만재도,오동여 부근,34-12-36.26N,125-27-59.337E
238,화원 부근,증도리 북측,34-37-48.914N,126-16-49.542E
239,거차수도 부근,동거차 상송도,34-14-43.51N,125-55-49.513E
240,독거군도 부근,독거 동쪽 선창,34-15-13.431N,126-10-56.893E
241,추자군도,신대산전망터 앞,33-57-13.316N,126-20-29.482E
242,낭도 부근,낭도산 동측,34-36-48.28N,127-33-57.251E
243,황제도,황제도 등대 밑,34-11-34.666N,127-04-51.206E
244,손죽열도 부근,잔거리 서측,34-17-43.604N,127-22-16.361E
245,대삼부도,덜섬 끝바리 부근,34-03-14.552N,127-23-05.155E
246,가거도,녹섬 갯바위,34-02-49.6N,125-07-22.5E
247,가거도,신여,34-06-51.7N,125-05-32.1E
248,울릉도,삼선암 갯바위,37-32-57.8N,130-54-30.5E
249,진해항 부근,합포마을 남측,35-05-50.545N,128-41-46.204E
250,대청도·소청도, 대청도 독바위,37-48-17.6N,124-42-08.6E
251,덕적도·소야도, 덕적도 정자바위,37-13-54.2N,126-09-55.3E
252,비금도·도초도, 비금도 큰당두리 갯바위,34-47-24.3N,126-00-00.0E
253,청산도·대모도,청산도 장기미 해변길 갯바위,34-09-21.6N,126-54-00.2E
254,제주도 남동부,쇠소깍 해수욕장 우측 갯바위,33-15-01.6N,126-37-35.7E
255,낭도 부근,낭도 해안,34-36-04.178N,127-33-02.778E
256,황제도,소마도,34-12-14.102N,127-09-08.384E
257,남해도 동부·신수도·창선도,모상개 돌섬,34-50-36.6N,128-04-40.0E
258,연화도 부근,목섬 갯바위,34-39-49.116N,128-20-35.158E
259,십이동파도·비안도,비안도 남쪽 직벽지대,35-43-43.7N,126-27-08.2E
260,대삼부도,쌍굴 근처 갯바위,34-03-19.72N,127-23-52.816E
261,연도,철탑밑 갯바위,34-27-40.13N,127-48-16.46E
262,연도,소룡단 갯바위,34-24-30.281N,127-48-21.1E
263,가의도,서측 끝단 갯바위,36-40-19.1N,126-02-53.3E
264,개야도,발전소 아래 갯바위,36-01-58.9N,126-33-07.3E
265,개야도,에게이 등대 남측 갯바위,36-02-09.3N,126-30-49.4E
266,개야도,장골 갯바위,36-02-33.2N,126-32-36.8E
267,안마도·석만도,쌀썩은여 좌측부근 갯바위,35-20-05.8N,126-01-50.6E
268,노화도·보길도·소안도,보길도 장항각 부근 갯바위,34-09-08.6N,126-34-47.3E
269,신지도,도트럼끝 부근,34-18-35.3N,126-52-20.9E
270,청산도·대모도,침몰선 갯바위 포인트,34-09-06.8N,126-51-22.4E
271,여서도·거문도,거문도 녹산곶 등대 부근,34-03-47.8N,127-17-32.6E
272,나로도,내나로도 덕흥해수욕장 갯바위,34-31-24.9N,127-28-01.1E
273,나로도,외나로도 부채바위,34-24-56.6N,127-30-04.8E
274,제주도 서부·차귀도·비양도,비양도 코끼리바위 부근 갯바위,33-24-31.4N,126-13-20.8E
275,제주도 북동부·우도,비양도 등대부근,33-30-53.906N,126-58-17.91E
276,제주도 동부,표선해비치해수욕장 좌측 갯바위,33-19-55.3N,126-50-51.6E
277,제주도 남부,중문단지 축구장 밑 갯바위,33-14-00.1N,126-25-57.9E
278,제주도 남서부·가파도·마라도,송악산 올레길 갯바위,33-12-10.6N,126-17-33.8E
279,홍도,방구서 우측 부근,34-40-29.236N,125-11-47.491E
280,홍도,단오도 우측,34-41-12.545N,125-10-51.91E
281,만재도,방군여 좌측,34-12-06.347N,125-29-28.72E
282,화원 부근,"닭섬
(*화원 마리나 포인트)",34-40-33.99N,126-15-03.956E
283,거차수도 부근,동거차 해수욕장,34-13-57.396N,125-56-01.733E
284,추자군도,횡간도 우측 끝,34-00-14.298N,126-20-53.15E
285,강진만 부근,복도 갯바위,34-27-01.906N,126-45-03.215E
286,강진만 부근,가우도 북측 갯바위,34-32-13.412N,126-46-43.471E
287,득량만 부근,남생리 부근,34-30-15.2N,127-07-08.405E
288,거금수도 부근,성두도 남측,34-30-40.715N,127-25-30.523E
289,낭도 부근,낭도 해안가 옆,34-36-08.293N,127-33-27.182E
290,낭도 부근,사도 해안길,34-35-23.47N,127-33-30.899E
291,여수엑스포 부근,검은모래해변 부근,34-46-50.707N,127-44-55.848E
292,황제도,황제도 남단,34-11-15.899N,127-04-31.65E
293,손죽열도 부근,손죽 해수욕장,34-17-16.354N,127-21-14.925E
294,간수제도,소평도 남서측,34-15-23.658N,127-26-56.719E
295,대삼부도,절밑 갯바위,34-03-34.226N,127-23-16.642E
296,송이도,큰내기 우측 갯바위,35-17-42.6N,126-08-24.9E
297,임자도·사옥도,고래미,35-03-25.0N,126-03-29.2E
298,안좌도·팔금도,사근마을 곶부리,34-47-13.3N,126-05-15.7E
299,우이도,큰밭 갯바위,34-35-48.1N,125-48-41.2E
300,장산도,차돌이,34-39-41.6N,126-11-18.9E
301,진도 남서부,백미도 부근 갯바위,34-21-33.8N,126-07-54.7E
302,상조도·하조도·관매도,하조도 물치끝(낚시배 이용),34-17-31.3N,126-00-57.0E
303,가거도,노랑섭날 갯바위,34-04-23.1N,125-05-17.0E
304,가거도,대국흘도 갯바위,34-07-02.5N,125-04-58.3E
305,완도,칠암각 갯바위,34-19-37.4N,126-38-35.5E
306,금당도,육산리 해변,34-25-42.0N,127-02-11.8E
307,초도,내항도,34-13-23.5N,127-13-28.4E
308,남해도 동부·신수도·창선도,신수도 남쪽 갯바위(구 초소),34-53-21.7N,128-04-49.9E
309,두미도,용머리,34-41-13.5N,128-11-41.5E
310,울릉도,코끼리바위 갯바위,37-32-24.9N,130-50-49.7E
311,가의도,북측 끝단 갯바위,36-41-31.3N,126-04-57.2E
312,청산도·대모도, 대모도 북곧말 갯바위,34-12-38.1N,126-45-50.2E
313,제주도 북서부,라마다호텔 앞 해안도로 좌측,33-31-09.5N,126-31-02.9E
314,제주도 남부,황우리해안 갯바위,33-14-17.1N,126-32-53.7E
315,홍도,도달바위 인근,34-41-18.119N,125-11-00.335E
316,만재도,외마도 상단,34-12-45.0N,125-27-46.29E
317,독거군도 부근,죽항 담추서,34-15-27.265N,126-06-55.958E
318,득량만 부근,득량도 좌측,34-35-47.538N,127-05-28.597E
319,낭도 부근,해안길 우측,34-35-45.709N,127-32-28.241E
320,순천만 부근,궁항갯바위 부근,34-46-30.968N,127-33-40.253E
321,홍도,기둥바위 인근,34-40-28.461N,125-10-52.689E
322,홍도,모도 우측 섬 부근,34-43-05.867N,125-12-12.287E
323,홍도,공작새바위 상단,34-41-56.903N,125-12-45.9E
324,만재도,국도 상단,34-12-26.471N,125-29-21.972E
325,만재도,녹섬 우측,34-12-11.564N,125-28-37.568E
326,입파도·국화도, 입파도 북서측 끝단,37-06-51.6N,126-32-06.4E
327,입파도·국화도, 입파도 남측 곶부리,37-05-37.4N,126-32-16.9E
328,풍도·난지도, 대난지도 해수욕장 갯바위,37-02-59.6N,126-25-16.4E
329,풍도·난지도,소난지도 서쪽 갯바위,37-02-17.9N,126-26-28.2E
330,원산도·삽시도,삽시도 거멀너머해수욕장 부근,36-20-57.0N,126-21-04.9E
331,호도·녹도·외연도, 녹도 동두말 부근,36-15-55.4N,126-15-55.5E
332,어청도·연도, 어청도 농배,36-07-11.2N,125-59-09.1E
333,어청도·연도, 어청도 시목서 부근,36-06-37.3N,125-58-42.6E
334,십이동파도·비안도, 십이동파도 벌린여,35-58-58.3N,126-14-13.7E
335,십이동파도·비안도,비안도 북서쪽 떨어진여 부근,35-44-24.2N,126-26-22.2E
336,선유도·무녀도·장자도·신시도, 선유도해수욕장 앞 갯바위,35-49-14.8N,126-24-24.6E
337,왕등도·위도, 상왕등도 북쪽 끝바리,35-40-00.5N,126-06-38.9E
338,왕등도·위도, 상왕등도 터널바위,35-39-22.2N,126-06-26.1E
339,왕등도·위도,위도 철탑 부근,35-34-38.7N,126-15-12.8E
340,왕등도·위도,위도 미영금해수욕장 갯바위,35-35-19.9N,126-15-35.9E
341,비금도·도초도, 비금도 명사십리해수욕장 갯바위,34-47-19.0N,125-57-10.2E
342,비금도·도초도,비금도 가산리 진골 갯바위,34-46-24.6N,125-59-56.9E
343,흑산도·삼태도, 대흑산도 정촌리 홈통 부근,34-40-17.8N,125-26-21.1E
344,금오도·안도, 금오도 매봉산 직벽,34-30-13.5N,127-44-05.8E
345,사량도, 상사량도 염소자리,34-49-36.2N,128-11-22.9E
346,사량도, 상사량도 돈지항 부근 갯바위,34-50-10.1N,128-10-42.3E
347,사천대교 부근,환덕리 묵곡천,35-03-00.255N,128-00-35.38E
348,진주만 부근,초양도 남동측,34-55-28.925N,128-02-44.507E
349,갈도 부근,삼각여,34-33-56.834N,128-11-19.679E
350,연화도 부근,연화항 인근 갯바위,34-39-05.929N,128-21-04.211E
351,개야도,사수건 철탑 갯바위,36-02-13.5N,126-32-19.7E
352,노화도·보길도·소안도,소안도 농서 부근 갯바위,34-07-22.3N,126-38-17.6E
353,나로도, 내나로도 고막포 부근 갯바위,34-30-30.0N,127-29-24.2E
354,손죽열도 부근,소거문 북단,34-17-51.386N,127-23-47.445E
355,금당도,금당도 목섬 철탑밑,34-23-59.9N,127-03-38.3E
356,대청도·소청도, 대청도 서풍받이 끝,37-47-55.2N,124-40-58.7E
357,장봉도, 채석장 부근,37-33-34.4N,126-18-45.2E
358,덕적도·소야도, 덕적도 능동자갈마당 갯바위,37-15-52.7N,126-06-10.4E
359,이작도·승봉도, 대이작도 유곶 부근,37-10-13.4N,126-14-57.6E
360,이작도·승봉도,승봉도 부채바위,37-10-21.9N,126-18-12.4E
361,백아도·굴업도, 백아도 목가지 부근,37-04-30.0N,125-57-07.0E
362,백아도·굴업도,굴업도 해수욕장 동쪽 갯바위,37-11-42.4N,125-59-32.4E
363,추자도,하추자도 오지박 입구,33-57-12.9N,126-18-47.8E
364,이작도·승봉도, 대이작도 작은풀안해수욕장 정자 부근,37-10-06.4N,126-15-34.9E
365,말도·방축도,방축도 독립문바위,35-50-47.8N,126-21-57.1E
366,여서도·거문도,거문도 취곶 부근 갯바위,34-03-10.3N,127-16-33.2E
367,자은도,상장고지단 갯바위,34-56-03.4N,126-03-26.0E
368,개도·하의도·신의도,거북바위,34-36-15.7N,126-03-17.7E
369,원산도·삽시도,삽시도 물망터,36-20-01.2N,126-20-26.4E
370,진주만 부근,삼천포대교 밑 갯바위,34-55-32.509N,128-02-58.524E
371,갈도 부근,똥여,34-33-43.799N,128-11-15.597E
372,자월도, 떡바위,37-15-46.7N,126-20-07.0E
373,덕적도·소야도,소야도 대금두(진대끝) 부근,37-12-29.0N,126-11-38.9E
374,백아도·굴업도, 백아도 서쪽 곶부리,37-04-52.4N,125-56-29.7E
375,노화도·보길도·소안도,소안도 산호도 부근 갯바위,34-11-13.3N,126-38-06.4E
376,거금도, 공고지 갯바위,34-25-21.2N,127-08-36.7E
377,여서도·거문도, 거문도 코바위,34-03-36.8N,127-16-47.7E
378,나로도,외나로도 창포골 갯바위,34-28-16.2N,127-30-23.1E
379,제주도 서부·차귀도·비양도,차귀도 등측 갯바위,33-18-41.2N,126-09-12.9E
380,제주도 북부,김녕 목지코지 갯바위,33-33-49.4N,126-43-51.2E
381,제주도 북동부·우도,동등 갯바위,33-31-58.7N,126-51-05.4E
382,제주도 북동부·우도,우두곶 우측 갯바위,33-29-26.0N,126-57-40.3E
383,제주도 동부,방두곶 흰등대앞 갯바위,33-25-37.0N,126-56-05.0E
384,제주도 남동부,태흥리 갯바위,33-16-41.7N,126-43-52.2E
385,제주도 남서부·가파도·마라도,송악산 낚시터,33-12-51.6N,126-17-44.4E
386,홍도,상금리굴 인근,34-40-21.237N,125-11-14.51E
387,순천만 부근,신작 부근,34-44-09.2N,127-22-36.3E
388,순천만 부근,대운두도 부근,34-44-53.536N,127-33-33.268E
389,여수엑스포 부근,혈서 상단,34-41-09.381N,127-47-32.133E
390,여수엑스포 부근,오천동해수욕장,34-47-37.107N,127-45-26.517E
391,황제도,땅콩여 동측,34-11-21.916N,127-04-57.403E
392,황제도,장도 서측,34-12-19.3N,127-09-12.734E
393,황제도,장도 동측,34-12-28.286N,127-10-37.944E
394,손죽열도 부근,반초섬 맞은편,34-17-36.143N,127-21-48.54E
395,손죽열도 부근,손죽 등대 밑,34-17-43.826N,127-21-04.239E
396,손죽열도 부근,잔거리 홈통,34-17-44.296N,127-22-49.461E
397,손죽열도 부근,소거문 서측 인근,34-17-14.847N,127-23-15.565E
398,손죽열도 부근,소거문 서코지,34-16-41.64N,127-23-26.103E
399,간수제도,소평도 남측,34-15-24.217N,127-27-01.934E
400,간수제도,평도 우측 넓은 자리,34-14-48.575N,127-27-18.692E
401,간수제도,광도 서측 홈통,34-15-52.268N,127-31-41.91E
402,간수제도,광도 남측,34-15-38.601N,127-31-49.798E
403,대삼부도,구멍섬 갯바위,34-03-20.289N,127-23-49.38E
404,송이도,큰매리 갯바위,35-17-60.0N,126-08-28.0E
405,송이도,이미 앞바다,35-16-40.1N,126-08-31.4E
406,임자도·사옥도,옥섬,35-03-11.9N,126-04-36.9E
407,임자도·사옥도,외교도 등대포인트,35-02-15.1N,126-07-33.8E
408,임자도·사옥도,증도대교 북단,35-01-33.7N,126-10-07.4E
409,고이도·매화도·선도·증도,소정섬 포인트,34-55-37.2N,126-16-33.6E
410,고이도·매화도·선도·증도,부사도 갯바위,35-00-22.4N,126-14-48.7E
411,고이도·매화도·선도·증도,오산항,34-59-51.8N,126-07-16.5E
412,압해도,복용리해안 철탑 밑,34-53-54.6N,126-21-00.1E
413,우이도,성촌,34-37-20.5N,125-48-33.1E
414,우이도,딴목섬 갯바위,34-36-20.9N,125-51-43.3E
415,장산도,발막금,34-40-20.3N,126-09-18.7E
416,개도·하의도·신의도,개도 서측 갯바위,34-38-26.1N,126-00-07.2E
417,사량도,하사량도 레이더기지 부근 갯바위,34-47-42.9N,128-14-28.6E
418,미륵도,수암말(에름바우) 부근,34-47-48.0N,128-21-51.6E
419,비진도·매물도, 비진도 상투바위,34-42-30.0N,128-28-02.7E
420,거제도 남부, 오포 흑산태,34-42-22.1N,128-36-58.4E
421,거제도 남부,오지막 해안 끝바리,34-45-24.1N,128-38-38.2E
422,거제도 남부,구조라해수욕장 호안로 갯바위,34-48-11.7N,128-41-31.4E
423,연평도,시노도 갯바위,37-36-47.2N,125-43-33.1E
424,연평도,구지도 북측 갯바위,37-38-22.6N,125-40-58.4E
425,시도,조각공원 동측 갯바위,37-31-34.8N,126-24-28.7E
426,시도,신도 동측 끝단 갯바위,37-32-04.7N,126-28-21.5E
427,시도,신도 남측 끝단 갯바위,37-30-40.1N,126-28-00.1E
428,영종도·용유도,왕산 갯바위,37-27-26.5N,126-21-41.0E
429,영종도·용유도,을왕리 갯바위,37-26-38.2N,126-21-54.6E
430,영종도·용유도,영종도 남측수문,37-25-19.1N,126-26-06.0E
431,안면도 북부,방포해변 북측 갯바위,36-30-33.6N,126-19-30.5E
432,안면도 남 부,샛별 해수욕장 남측 갯바위,36-26-35.4N,126-20-01.5E
433,안면도 남 부,사도 갯바위,36-27-50.9N,126-26-05.7E
434,가의도,북측 갯바위,36-41-19.1N,126-04-49.7E
435,가의도,코끼리 바위,36-40-57.1N,126-05-22.7E
436,개야도,죽도 동측 갯바위,36-02-09.9N,126-31-51.3E
437,개야도,장골 북측 갯바위,36-02-42.0N,126-32-39.4E
438,안마도·석만도,우물밑 좌측 갯바위,35-22-14.6N,126-02-28.6E
439,송이도,양골앞 갯바위,35-17-19.9N,126-09-06.2E
440,흑산도·삼태도,상태도 마을 앞 갯바위,34-26-06.1N,125-16-53.4E
441,노화도·보길도·소안도, 노화도 북쪽 목부분 홈통,34-14-02.2N,126-33-38.2E
442,노화도·보길도·소안도, 노화도 갈미각 부근 갯바위,34-12-46.8N,126-33-20.0E
443,노화도·보길도·소안도, 보길도 망월각 갯바위,34-08-21.6N,126-30-16.8E
444,노화도·보길도·소안도, 소안도 청변각 갯바위(코바위),34-10-53.5N,126-41-03.3E
445,노화도·보길도·소안도,소안도 밖고래여 부근,34-08-54.1N,126-40-57.2E
446,만재도,보건소 하단 부근,34-12-23.729N,125-28-09.559E
447,만재도,내마도 하단 부근,34-12-22.145N,125-27-55.894E
448,목포 부근,우도,34-51-38.222N,126-23-11.897E
449,목포 부근,금호바닷가펜션 부근,34-41-48.997N,126-21-48.711E
450,화원 부근,고도,34-40-06.475N,126-15-10.102E
451,화원 부근,월낭산 서측,34-37-53.501N,126-17-35.177E
452,거차수도 부근,서거차 북쪽 홈통,34-15-36.5N,125-55-04.39E
453,거차수도 부근,상어여 갯바위,34-14-39.3N,125-55-23.286E
454,거차수도 부근,동거차 망도,34-14-40.985N,125-57-14.97E
455,거차수도 부근,맹골 돔바위,34-13-01.521N,125-50-47.898E
456,독거군도 부근,슬도 북단,34-15-58.445N,126-09-01.403E
457,독거군도 부근,변도,34-16-01.958N,126-10-05.78E
458,독거군도 부근,초도,34-13-39.523N,126-09-51.295E
459,추자군도,추자대교,33-57-10.62N,126-18-13.569E
460,추자군도,석죽머리 부근,33-56-06.841N,126-19-41.643E
461,고흥호 부근,고흥만방조제,34-39-12.739N,127-13-26.879E
462,거금수도 부근,소염도,34-26-07.65N,127-19-44.497E
463,거금수도 부근,까치목골 앞,34-30-18.883N,127-23-15.685E
464,거금수도 부근,대바래섬 북측,34-22-45.111N,127-16-27.745E
465,낭도 부근,둔병도 남측,34-37-23.817N,127-32-26.23E
466,낭도 부근,낭도 철탑 밑,34-36-09.557N,127-31-32.749E
467,낭도 부근,추도 남측,34-35-26.247N,127-34-15.779E
468,상조도·하조도·관매도,형제도 앞,34-13-29.9N,126-03-25.8E
469,가거도,간서 갯바위,34-03-47.5N,125-05-42.7E
470,가거도,칼바위,34-05-46.6N,125-05-52.8E
471,가거도,장개다랑 갯바위,34-05-30.4N,125-06-41.6E
472,가거도,거북바위,34-03-02.0N,125-08-22.9E
473,가거도,큰납닥여,34-02-52.6N,125-08-08.0E
474,금일도·생일도,금곡 해수욕장 남측 갯바위,34-18-14.8N,126-58-05.5E
475,초도,수리망태,34-15-06.1N,127-15-23.7E
476,초도,오밖끝,34-13-50.6N,127-15-38.6E
477,초도,넙데기,34-12-46.2N,127-14-12.7E
478,가사도,채석장 갯바위,34-29-39.1N,126-02-52.3E
479,상조도·하조도·관매도,상조도 북측 철탑 아래,34-20-33.4N,126-01-35.8E
480,상조도·하조도·관매도,조도대교 남단,34-19-08.5N,126-02-20.7E
481,추자군도,검둥여,33-58-31.214N,126-18-56.141E
482,해남반도 부근,대성식품 길 끝,34-21-29.334N,126-29-57.196E
483,완도 부근,연초도 갯바위,34-20-19.257N,126-37-03.562E
484,완도 부근,고마도 북측 해안,34-25-04.859N,126-42-39.97E
485,완도 부근,사후도 동측 갯바위,34-23-57.235N,126-44-42.295E
486,강진만 부근,만덕호 갈대밭,34-34-10.851N,126-45-32.745E
487,강진만 부근,만덕호 우측,34-34-03.279N,126-45-50.617E
488,덕적도·소야도, 덕적도 소재해변 갯바위,37-15-42.6N,126-06-37.5E
489,덕적도·소야도,소야도 남서쪽 갯바위,37-12-02.4N,126-10-45.2E
490,이작도·승봉도,승봉도 소각장 부근,37-10-30.0N,126-17-38.2E
491,문갑도·선갑도, 문갑도 한월리해수욕장 갯바위,37-10-55.3N,126-06-17.2E
492,영흥도·선재도·대부도·구봉도, 영흥도 십리포해수욕장 갯바위,37-16-59.6N,126-29-20.5E
493,제부도, 제부도 매(삼형제)바위 부근,37-09-23.5N,126-37-05.7E
494,십이동파도·비안도, 십이동파도 큰 쌍섬,35-59-36.6N,126-14-06.6E
495,왕등도·위도, 하왕등도 북쪽 갯바위,35-38-41.8N,126-06-54.0E
496,비금도·도초도, 비금도 하누넘해수욕장 갯바위,34-44-52.1N,125-53-33.8E
497,비금도·도초도,도초도 문바위 부근,34-41-11.1N,125-54-52.5E
498,거제도 북동부, 흥남해수욕장 몽돌밭,34-57-31.5N,128-42-55.0E
499,가의도,남측 해변 동측 갯바위,36-40-04.7N,126-03-16.8E
500,개야도,죽도 북측 등대 부근 갯바위,36-02-29.5N,126-31-43.5E
501,청산도·대모도,청산도 동촌리 갯바위,34-10-48.3N,126-55-25.8E
502,나로도,외나로도 노랑바위,34-24-43.8N,127-29-29.5E
503,제주도 북동부·우도,하도해수욕장 우측 갯바위,33-30-38.0N,126-54-18.0E
504,제주도 북동부·우도,세배코지 갯바위,33-31-22.6N,126-56-54.9E
505,독거군도 부근,슬도 선창 갯바위,34-15-35.135N,126-09-20.597E
506,추자군도,모정의 쉼터 부근,33-56-46.491N,126-20-27.411E
507,추자군도,횡간도 좌측 끝,34-00-38.25N,126-19-47.383E
508,거금수도 부근,시산도 북측,34-24-58.866N,127-14-29.367E
509,손죽열도 부근,잔거리 넓은 자리,34-17-40.615N,127-22-25.916E
510,손죽열도 부근,소거문 계단,34-17-45.877N,127-23-57.714E
511,대삼부도,남측 직벽,34-03-27.64N,127-23-29.832E
512,고이도·매화도·선도·증도,검산항,34-59-36.6N,126-06-25.4E
513,고이도·매화도·선도·증도,염산 선창,34-59-48.2N,126-10-52.9E
514,연도,대룡단 갯바위,34-24-34.655N,127-47-55.308E
515,연도,연도 대바위,34-24-46.178N,127-47-19.755E
516,연도,역포 서측 갯바위,34-27-12.907N,127-47-38.836E
517,사천대교 부근,조도마을 앞,35-02-04.951N,127-59-52.913E
518,사천대교 부근,화곡관광농원 앞,35-01-23.211N,128-02-05.598E
519,사천대교 부근,금문들 앞,35-00-30.347N,128-02-33.843E
520,자란만 부근,상족암 유람선 뒷편,34-54-15.73N,128-08-58.71E
521,추도 부근,오리바위 끝,34-45-20.868N,128-18-30.687E
522,추도 부근,돌 무너진 자리,34-45-32.471N,128-17-10.264E
523,추도 부근,연등 끝,34-45-46.887N,128-17-39.345E
524,연화도 부근,막끝 갯바위,34-38-43.248N,128-22-35.59E
525,연화도 부근,아랫마을 갯바위,34-39-28.262N,128-20-29.387E
526,연화도 부근,반하도 갯바위,34-39-15.318N,128-21-11.589E
527,갈도 부근,미끄럼바위 근처,34-33-30.67N,128-10-53.176E
528,갈도 부근,너부렁여 근처,34-33-31.929N,128-10-38.318E
529,제주도 남서부·가파도·마라도,냇골챙이 정자 아래 갯바위,33-09-53.9N,126-16-07.5E
530,연도,연도 산태바위,34-25-29.753N,127-48-34.187E
531,연도,덕포 갯바위,34-25-00.819N,127-47-47.54E
532,진주만 부근,상족암 유람선 갯바위,34-54-15.73N,128-08-58.71E
533,추도 부근,용두암 중앙,34-45-20.845N,128-17-11.675E
534,연화도 부근,진강정 갯바위,34-38-20.541N,128-21-22.252E
535,덕적도·소야도, 덕적도 목섬 부근,37-14-32.5N,126-08-40.9E
536,영흥도·선재도·대부도·구봉도, 영흥도 양로봉 갯바위(신노루),37-15-48.2N,126-25-47.2E
537,원산도·삽시도, 원산도해수욕장 서측 갯바위,36-21-47.7N,126-25-13.2E
538,사량도,하사량도 은포마을 갯바위,34-48-29.5N,128-13-00.2E
539,욕지도,삼여(뽕나무강정) 부근 갯바위,34-37-16.0N,128-15-22.0E
540,거제도 남부, 여차항 몽돌해수욕장 갯바위,34-42-49.3N,128-37-29.3E
541,노화도·보길도·소안도,소안도 비자리 해안갯바위,34-10-30.3N,126-39-44.0E
542,남해도 동부·신수도·창선도,신수도 남쪽 갯바위,34-53-10.7N,128-04-25.6E
543,남해도 남부,가천 갯바위(다랭이마을),34-43-33.5N,127-53-57.9E
544,두미도,고래등,34-42-09.4N,128-10-06.2E
545,두미도,염소자리,34-41-49.1N,128-10-22.9E
546,한산도·용초도,"용두단
",34-44-05.7N,128-28-55.283E
547,울릉도,북저바위 갯바위,37-30-05.9N,130-55-12.8E
548,추자도,상추자도 다무레미 앞 갯바위,33-58-02.9N,126-17-05.4E
549,추자도,상추자도 목개 해안,33-57-42.7N,126-17-08.5E
550,제주도 서부·차귀도·비양도,수월봉 갯바위,33-17-44.9N,126-09-44.9E
551,진해항 부근,초리도 서측,35-04-32.216N,128-41-15.485E
552,상조도·하조도·관매도,각흘도 갯바위(낚시배),34-15-25.9N,126-03-14.8E
553,남해도 북부,수원늘 등대,34-56-48.0N,127-53-27.2E
554,남해도 남부,유구마을 해안 갯바위,34-44-57.2N,127-50-16.5E
555,울릉도,관음도 갯바위,37-32-35.3N,130-55-10.3E
556,추자도,추자대교 아래,33-57-11.5N,126-18-14.2E
557,연화도 부근,진등끝 갯바위,34-38-26.16N,128-22-52.36E
558,연화도 부근,연화항 서측 끝,34-38-59.335N,128-20-41.6E
559,갈도 부근,매여,34-33-24.877N,128-10-57.948E
560,욕지도, 모개도 부근 갯바위,34-38-46.2N,128-15-53.8E
561,욕지도, 노적마을 쇠고락 갯바위,34-37-19.5N,128-17-16.4E
562,비진도·매물도, 비진도 비둘기강정 부근 갯바위,34-43-24.8N,128-28-01.3E
563,비진도·매물도,대매물도 수리바위,34-38-01.0N,128-34-14.1E
564,거제도 남부, 대포 계단바위,34-42-25.0N,128-34-32.2E
565,거제도 남부,망치마을 곶부리,34-48-20.8N,128-40-07.7E
566,시도,수기해변 동측 갯바위,37-32-45.8N,126-26-16.8E
567,영종도·용유도,선녀바위,37-26-08.1N,126-22-52.5E
568,대삼부도,북쪽 끝바리,34-03-46.77N,127-23-11.414E
569,연도,검등서 갯바위,34-27-36.318N,127-47-37.302E
570,연도,배미말 갯바위,34-27-04.244N,127-49-00.757E
571,입파도·국화도,국화도 서쪽 곶부리,37-03-29.6N,126-33-04.6E
572,나로도, 내나로도 등대 밑 갯바위,34-28-28.6N,127-30-24.6E
573,독거군도 부근,죽항 송도,34-16-05.868N,126-05-32.15E
574,광양만 부근,배알도해수욕장 부근,34-57-34.586N,127-45-27.986E
575,사천대교 부근,법도 맞은편,35-01-10.432N,128-02-16.247E
576,장봉도, 진촌 서갯바위,37-32-44.2N,126-19-16.2E
577,욕지도, 목가동섬,34-39-08.8N,128-14-33.2E
578,비진도·매물도, 비진도 동북쪽 곶부리,34-43-53.1N,128-28-10.4E
579,개야도,작은여 등대 갯바위,36-01-34.5N,126-33-30.3E
580,안마도·석만도,노랑여(옛멸터) 부근,35-20-48.5N,126-02-29.4E
581,안면도 남 부,망재 곶부리,36-26-21.0N,126-20-10.5E
582,가의도,동남측 두번째 곶부리,36-40-13.0N,126-04-28.5E
583,개야도,죽도 서측 갯바위,36-02-08.9N,126-31-21.6E
584,개야도,안청강여 등대 갯바위,36-03-09.6N,126-32-31.6E
585,안마도·석만도,쎄지기 앞 갯바위,35-22-21.0N,126-03-27.1E
586,안마도·석만도,철탑 밑 갯바위,35-21-35.4N,126-01-48.2E
587,흑산도·삼태도,하태도 기둥바위 부근,34-23-33.1N,125-17-23.5E
588,노화도·보길도·소안도, 보길도 글쓴바위 부근,34-09-25.0N,126-37-28.0E
589,노화도·보길도·소안도,보길도 보옥리 몽돌해안,34-07-34.4N,126-31-10.4E
590,신지도, 내동리 양식장 부근 갯바위,34-18-22.7N,126-51-17.0E
591,청산도·대모도, 청산도 황산말 철탑 부근,34-12-01.3N,126-51-36.1E
592,청산도·대모도,청산도 코바위,34-09-13.1N,126-54-50.9E
593,여서도·거문도, 여서도 등대 부근 갯바위,33-59-19.0N,126-54-55.1E
594,여서도·거문도,거문도 선바위 부근,34-00-25.4N,127-19-16.0E
595,금오도·안도, 금오도 송고마을 갯바위,34-32-57.8N,127-43-30.4E
596,제주도 서부·차귀도·비양도,6.수월약수터 앞 갯바위,33-18-03.2N,126-10-00.2E
597,거금도,선촌항 부근 갯바위,34-28-31.5N,127-06-30.2E
598,독거군도 부근,구도 북단,34-15-49.685N,126-10-22.321E
599,해남반도 부근,송평 해수욕장 죽도,34-25-37.393N,126-27-46.373E
600,낭도 부근,상화도 북측,34-36-14.589N,127-36-24.872E
601,가거도,빈지박 갯바위,34-05-14.3N,125-07-23.2E
602,입파도·국화도, 국화도 매박섬(토끼섬),37-04-17.1N,126-33-15.9E
603,호도·녹도·외연도, 녹도 북서쪽 갯바위,36-16-34.9N,126-15-44.3E
604,어청도·연도,연도 해녀막(멸치막),36-04-33.2N,126-26-40.4E
605,십이동파도·비안도, 십이동파도 사자섬,35-59-49.4N,126-14-24.0E
606,말도·방축도, 말도 북동쪽 곶부리,35-51-31.9N,126-19-32.7E
607,왕등도·위도, 하왕등도 오지바위,35-38-04.5N,126-07-27.6E
608,비금도·도초도, 비금도 성목골 부근 갯바위,34-44-12.1N,125-53-22.4E
609,비금도·도초도, 비금도 통섭바위 부근,34-48-23.7N,125-59-37.1E
610,사량도, 상사량도 돈지마을 남쪽 곶부리,34-49-53.3N,128-10-47.7E
611,사량도,하사량도 모자섬 부근,34-49-11.4N,128-12-01.3E
612,개도·하의도·신의도,버러기미,34-33-18.7N,126-06-09.6E
613,가사도,가사도 북측 갯바위,34-29-53.3N,126-03-16.8E
614,상조도·하조도·관매도,옥도 북측 갯바위,34-21-37.4N,126-00-53.9E
615,가거도,멍신여,34-05-41.4N,125-06-13.3E
616,금당도,비견도엿도,34-24-22.4N,127-05-04.2E
617,금일도·생일도,신구리 철탑 앞,34-20-20.8N,127-01-04.6E
618,초도,솔거섬,34-12-45.7N,127-15-40.7E
619,돌산도,향일암 갯바위,34-35-48.3N,127-48-27.3E
620,두미도,번자리,34-42-24.5N,128-10-06.7E
621,한산도·용초도,"용초도 철탑 동측 갯바위 
",34-44-06.0N,128-30-51.3E
622,제주도 서부·차귀도·비양도,무릉리 해안도로 갯바위,33-15-25.3N,126-11-10.2E
623,흑산도·삼태도, 대흑산도 예리 갯바위,34-41-26.3N,125-26-54.4E
624,거제도 남부, 근포마을 곶부리,34-43-22.7N,128-35-05.0E
625,제주도 동부,여마진개 갯바위,33-23-53.4N,126-54-26.6E
626,홍도,홍어굴 하단,34-41-06.13N,125-12-22.5E
627,목포 부근,지중해 카페 북측,34-50-36.808N,126-24-00.794E
628,추자군도,최영장군 사당 앞,33-57-57.247N,126-17-39.96E
629,해남반도 부근,소죽리 죽도,34-20-35.873N,126-30-49.62E
630,고흥호 부근,우도 상단,34-43-37.101N,127-18-28.378E
631,거금수도 부근,지죽도 남서측,34-26-00.43N,127-18-10.318E
632,여수엑스포 부근,장도 인근 다리,34-44-48.463N,127-39-54.821E
633,제주도 서부·차귀도·비양도,영락리 큰산물 낚시터,33-15-02.9N,126-11-43.1E
634,간수제도,소평도 계단,34-15-29.951N,127-27-07.202E
635,미륵도, 진송말 부근 갯바위,34-49-34.5N,128-26-27.9E
636,연도,모경말 갯바위,34-27-34.123N,127-48-27.554E
637,갈도 부근,매여 앞 갯바위,34-33-31.706N,128-10-59.959E
638,홍도,모도 좌측부근,34-43-12.477N,125-11-47.811E
639,거금수도 부근,남성리 해수욕장,34-31-10.281N,127-24-35.1E
640,제주도 남서부·가파도·마라도,옹짓물 정자 아래 갯바위,33-10-13.8N,126-16-44.2E
641,거차수도 부근,죽도 등대 부근,34-13-31.824N,125-50-57.226E
642,추자군도,청석 갯바위,33-57-51.429N,126-17-01.322E
643,낭도 부근,하과도 서측,34-37-28.401N,127-32-00.66E
644,임자도·사옥도,딴섬 부근,35-02-52.7N,126-05-43.4E
645,장산도,소류지,34-36-52.2N,126-07-37.7E
646,추자도,상추자도 청석 갯바위,33-57-50.2N,126-17-07.1E
647,영흥도·선재도·대부도·구봉도, 영흥도 용담리해수욕장 부근,37-14-30.6N,126-28-52.1E
648,안마도·석만도,논골 끝 갯바위,35-21-50.9N,126-01-15.1E
649,거금수도 부근,두리도 남측,34-30-40.271N,127-24-49.834E
650,연도,만작굴,34-25-01.892N,127-48-28.929E
651,연화도 부근,촛대바위 인근,34-38-44.68N,128-20-35.228E
652,대청도·소청도,소청도 예동 갯바위,37-46-08.5N,124-44-56.0E
653,이작도·승봉도,승봉도 참나무골,37-09-55.3N,126-19-05.9E
654,이작도·승봉도,승봉도 철탑앞 갯바위,37-09-53.8N,126-17-41.3E
655,비금도·도초도, 비금도 용머리바위,34-45-59.1N,125-53-29.8E
656,노화도·보길도·소안도,보길도 치마끝 갯바위,34-08-45.9N,126-36-14.7E
657,제주도 서부·차귀도·비양도,풍력발전소 앞 갯바위,33-20-12.5N,126-09-46.8E
658,홍도,슬픈여 부근,34-42-18.832N,125-12-52.276E
659,독거군도 부근,죽항 남쪽 갯바위,34-15-40.282N,126-06-36.49E
660,제주도 남부,서건도 갯바위,33-13-48.9N,126-29-51.7E
661,제주도 남부,하예마을 서측 갯바위,33-13-49.8N,126-22-13.8E
662,홍도,병풍바위 좌측,34-40-10.499N,125-10-51.531E
663,홍도,거북바위 인근,34-41-36.456N,125-11-32.598E
664,홍도,홍어굴 부근,34-41-28.953N,125-12-33.669E
665,만재도,만재도 남측 해안,34-12-12.256N,125-28-08.618E
666,독거군도 부근,하조도 매동여,34-16-39.27N,126-05-37.395E
667,독거군도 부근,독거 북단,34-15-45.75N,126-10-56.655E
668,추자군도,목리 인근 갯바위,33-57-16.3N,126-18-46.23E
669,추자군도,추포도 북측 갯바위,33-59-16.759N,126-19-25.578E
670,해남반도 부근,소죽리 중도,34-20-20.901N,126-31-00.284E
671,완도 부근,만수리 남측 갯바위,34-25-03.716N,126-40-24.889E
672,완도 부근,내도 갯바위,34-26-44.949N,126-44-02.27E
673,완도 부근,고마도 동측 갯바위,34-24-22.133N,126-43-29.541E
674,강진만 부근,만덕호 좌측,34-33-56.684N,126-45-26.886E
675,강진만 부근,외호도 갯바위,34-27-42.931N,126-47-24.853E
676,낭도 부근,신기촌들 갯바위,34-38-06.3N,127-28-32.2E
677,낭도 부근,상화도 해변가,34-36-00.36N,127-35-47.217E
678,여수엑스포 부근,내치도 하단,34-41-38.775N,127-47-16.603E
679,여수엑스포 부근,신덕해수욕장 부근,34-48-50.57N,127-46-11.817E
680,광양만 부근,마도 갯바위,34-56-26.25N,127-46-33.4E
681,황제도,장도 남동측,34-12-08.953N,127-09-57.573E
682,손죽열도 부근,반초섬 남측,34-17-41.101N,127-21-53.273E
683,손죽열도 부근,잔거리 동측,34-17-45.308N,127-22-54.997E
684,손죽열도 부근,소거문 서코지 좌측,34-16-48.41N,127-23-16.548E
685,간수제도,광도 북측,34-16-11.247N,127-31-57.567E
686,대삼부도,덜섬 끝바리,34-03-11.84N,127-23-08.324E
687,임자도·사옥도,광산리 서측끝단,35-04-35.8N,126-07-23.9E
688,고이도·매화도·선도·증도,침해섬 포인트,34-55-22.8N,126-12-35.5E
689,압해도,복용리 해안,34-53-57.3N,126-20-37.1E
690,손죽열도 부근,손죽 서측 낮은 자리,34-17-15.663N,127-20-54.387E
691,임자도·사옥도,삼봉끝 등대,35-08-42.6N,126-09-49.2E
692,자은도,진서말,34-52-17.3N,125-58-08.1E
693,상조도·하조도·관매도,관매도 서측 곶부리,34-13-50.3N,126-01-31.7E
694,초도,딴작부치,34-14-20.0N,127-15-44.0E
695,십이동파도·비안도, 비안도 남쪽 갯바위,35-44-53.0N,126-26-53.9E
696,왕등도·위도, 위도 대멀 부근,35-36-37.9N,126-18-54.4E
697,가의도,남측 끝단 갯바위,36-40-04.7N,126-03-03.1E
698,고이도·매화도·선도·증도,고이도 서측 철탑밑,34-57-48.4N,126-17-16.8E
699,고이도·매화도·선도·증도,해저유물 포인트,35-00-00.0N,126-05-51.4E
700,금일도·생일도,생일도 헬기장 앞,34-19-28.3N,127-00-57.4E
701,십이동파도·비안도,비안도 남서쪽 직벽 홈통,35-43-49.3N,126-26-58.9E
702,독거군도 부근,죽항 북쪽 철탑 밑,34-16-14.775N,126-05-47.141E
703,노화도·보길도·소안도,소안도 담축끝 갯바위,34-07-13.8N,126-40-10.9E
704,흑산도·삼태도, 대흑산도 섯개해수욕장 갯바위,34-39-38.4N,125-25-26.9E
705,가의도,북측 해변 옆 갯바위,36-41-24.7N,126-05-11.2E
706,만재도,치안센터 하단 부근,34-12-17.928N,125-28-27.716E
707,완도 부근,사후도 북측 갯바위,34-24-05.418N,126-43-57.813E
708,임자도·사옥도,대중끝,35-03-07.9N,126-05-06.6E
709,우이도,달밭밑,34-37-41.9N,125-51-23.3E
710,가사도,작은모래땅 갯바위,34-29-02.5N,126-01-57.5E
711,왕등도·위도,위도 논금해수욕장 갯바위,35-34-51.0N,126-15-05.2E
712,손죽열도 부근,손죽 해안,34-17-30.264N,127-21-16.26E
713,욕지도, 통곶지비 부근 갯바위,34-38-21.6N,128-17-55.9E
714,연화도 부근,네바위 사이 골창,34-38-05.283N,128-22-36.512E
715,신지도, 방죽포 철탑 부근 갯바위,34-20-39.3N,126-53-46.5E
716,금일도·생일도,용황리 해안,34-21-13.0N,127-04-57.4E
717,상조도·하조도·관매도,명지마을 해안도로,34-18-44.0N,126-01-37.0E
718,한산도·용초도,"호두마을 뒤등 
",34-43-56.3N,128-30-16.2E
719,문갑도·선갑도, 문갑도 진뿌리,37-09-56.6N,126-06-33.0E
720,안마도·석만도,우물밑 우측 갯바위,35-22-31.8N,126-03-13.8E
721,갈도 부근,욕지끝바리,34-34-20.645N,128-11-18.988E
722,안마도·석만도,문 끝 갯바위,35-19-54.3N,126-00-50.4E
723,여서도·거문도,거문도 칼바위,34-03-18.5N,127-19-32.9E
724,제주도 북동부·우도,우두곶 갯바위,33-29-21.8N,126-57-50.4E
725,홍도,방구서 좌측 부근,34-40-25.14N,125-11-33.436E
726,홍도,탑섬 인근,34-42-24.916N,125-12-03.842E
727,홍도,노적봉 하단,34-40-50.34N,125-12-08.714E
728,목포 부근,가란도,34-52-00.426N,126-21-27.173E
729,목포 부근,장감길 끝,34-49-05.676N,126-20-01.829E
730,추자군도,새말 갯바위,33-57-41.47N,126-17-08.925E
731,거금수도 부근,남촌휴양지 남측,34-30-59.366N,127-14-18.741E
732,황제도,철탑,34-11-26.669N,127-04-11.312E
733,자월도, 입암두 부근 갯바위,37-15-46.2N,126-18-59.2E
734,호도·녹도·외연도,외연도 작은 명금 부근,36-13-52.3N,126-04-56.7E
735,사량도,하사량도 동포 해안도로 제방,34-50-06.2N,128-14-30.4E
736,거제도 남부,함목해수욕장 갯바위,34-44-04.3N,128-39-05.0E
737,안면도 북부,연륙교,36-35-56.1N,126-19-24.1E
738,청산도·대모도, 청산도 촛대바위 부근,34-12-32.2N,126-52-21.5E
739,고흥호 부근,득량만방조제,34-44-28.514N,127-12-45.58E
740,여수엑스포 부근,노도 인근,34-42-35.721N,127-44-33.63E
741,금당도,신흥리제방수문,34-25-47.0N,127-03-05.2E
742,백아도·굴업도,굴업도 마을 서쪽 갯바위,37-11-13.0N,125-58-30.7E
743,안면도 남 부,추도 갯바위,36-24-18.6N,126-26-10.9E
744,비진도·매물도,매물도 대항 선창,34-38-25.5N,128-34-08.4E
745,사천대교 부근,덕진포교,35-02-40.675N,128-00-14.431E
746,안마도·석만도,근여 부근 갯바위,35-21-24.12N,125-59-45.6E
747,영흥도·선재도·대부도·구봉도, 영흥도 비석바위,37-16-27.8N,126-26-07.1E
748,석모도,섬돌모루,37-42-30.6N,126-19-32.0E
749,순천만 부근,달천도 부근,34-46-13.997N,127-33-32.968E
750,남해도 남부,가천 갯바위(레이다기지),34-43-27.5N,127-52-39.6E
751,개야도,치도 남측 갯바위,36-02-03.5N,126-31-21.2E
752,화원 부근,우도,34-39-12.499N,126-15-09.31E
753,무의도,실미도해변 갯바위,37-24-03.0N,126-23-38.7E
754,홍도,탑서 우측,34-43-27.362N,125-12-02.644E
755,추도 부근,높은여,34-45-39.656N,128-17-49.435E
756,거금도,배천마을 곶부리,34-28-14.7N,127-05-35.7E
757,제주도 남서부·가파도·마라도,발전소 앞 갯바위,33-14-10.1N,126-20-40.2E
758,이작도·승봉도,승봉도 남대문바위,37-10-18.1N,126-18-43.6E
759,금오도·안도,금오도 야외음악당 부근,34-31-54.5N,127-42-31.9E
760,무의도,때무리 동측 갯바위,37-22-28.5N,126-26-34.3E
761,노화도·보길도·소안도,보길도 선창리 갯바위,34-08-54.6N,126-30-15.2E
762,제주도 북동부·우도,독진곶 갯바위,33-31-02.0N,126-57-43.5E
763,청산도·대모도, 대모도 마도말 갯바위,34-11-16.1N,126-45-01.7E
764,십이동파도·비안도, 십이동파도 병풍도 북쪽 곶부리,35-59-52.9N,126-13-10.6E
765,추자군도,다무래미 갯바위,33-58-07.6N,126-17-04.103E
766,완도 부근,사후도 남측 갯바위,34-23-25.875N,126-44-34.5E
767,여서도·거문도,거문도 대매지끝(용무늬 절벽),34-00-54.0N,127-17-41.9E
768,제주도 남부,세별곶,33-13-55.3N,126-27-42.6E
769,독거군도 부근,슬도 북쪽 넓은자리,34-15-56.539N,126-08-37.918E
770,고이도·매화도·선도·증도,고이도 남측 철탑 밑,34-56-17.6N,126-18-01.7E
771,홍도,상연서 상단,34-40-27.455N,125-10-29.271E
772,상조도·하조도·관매도,신의도 갯바위,34-13-59.1N,126-04-22.7E
773,대청도·소청도, 대청도 검은낭 갯바위,37-50-20.4N,124-43-40.3E
774,고이도·매화도·선도·증도,둔벙여 갯바위,34-55-15.5N,126-12-45.6E
775,석모도,하리낚시터 북측,37-44-27.0N,126-17-18.0E
776,장봉도, 채석장 북갯바위(가막머리),37-33-36.6N,126-18-31.3E
777,덕적도·소야도,소야도 떼뿌루해수욕장 갯바위,37-12-34.0N,126-10-10.3E
778,영흥도·선재도·대부도·구봉도, 영흥도 농어바위,37-17-03.6N,126-27-20.4E
779,입파도·국화도, 국화도 해수욕장 서측 갯바위,37-03-50.4N,126-33-24.7E
780,원산도·삽시도, 원산도해수욕장 동측 소록도,36-21-38.1N,126-26-03.8E
781,어청도·연도,연도 채석장,36-04-44.5N,126-25-58.9E
782,선유도·무녀도·장자도·신시도, 선유도 북도 동쪽 갯바위,35-49-11.1N,126-25-24.6E
783,미륵도, 이운항 동쪽 해안 갯바위,34-48-10.7N,128-26-29.4E
784,거금도, 금장 끝바리,34-25-44.3N,127-09-45.4E
785,나로도, 외나로도 나로대교 철탑 부근,34-28-33.4N,127-27-24.2E
786,자월도, 큰굴 부근,37-15-48.2N,126-16-42.4E
787,이작도·승봉도,승봉도 촛대바위,37-09-41.8N,126-19-28.7E
788,백아도·굴업도, 굴업도 마을 북쪽 갯바위,37-11-39.8N,125-58-53.3E
789,입파도·국화도, 국화도 해수욕장 동측 갯바위,37-03-42.5N,126-33-31.4E
790,선유도·무녀도·장자도·신시도,신시도 남단 간출여 부근,35-48-35.9N,126-26-55.5E
791,말도·방축도,방축도 남서쪽 작은 홈통,35-50-47.3N,126-22-21.9E
792,낭도 부근,하화도 해안길,34-35-32.619N,127-36-53.653E
793,고이도·매화도·선도·증도,삼섬 포인트,34-57-41.5N,126-15-07.7E
794,가사도,항로표지관리소 밑,34-27-34.1N,126-02-31.1E
795,노화도·보길도·소안도,보길도 예송리해수욕장 곶부리,34-08-42.3N,126-34-31.8E
796,영흥도·선재도·대부도·구봉도, 영흥도 진여,37-17-14.3N,126-28-14.4E
797,어청도·연도, 어청도 세미치말 부근,36-06-38.0N,125-59-29.9E
798,사량도, 상사량도 진촌항 수협 앞 선창,34-50-36.7N,128-13-29.9E
799,문갑도·선갑도, 문갑도 문갑해수욕장 갯바위,37-10-37.4N,126-06-37.1E
800,여서도·거문도, 거문도 산굴산 부근 갯바위,34-02-54.6N,127-19-39.4E
801,신지도,노랑바위 부근,34-19-24.2N,126-47-10.5E
802,연화도 부근,구멍섬 갯바위,34-39-51.945N,128-20-21.2E
803,말도·방축도,방축도 남서쪽 큰 홈통,35-50-46.1N,126-22-05.6E
804,사량도, 상사량도 술미도,34-51-32.6N,128-12-22.7E
805,거금도, 주이정(주름목) 부근 갯바위,34-28-27.0N,127-14-14.0E
806,화원 부근,증도리회관 동측,34-38-09.612N,126-17-18.716E
807,순천만 부근,대여자도 하단,34-45-19.246N,127-30-16.21E
808,칠천도·가조도,창촌마을 북쪽 끝 선창,34-57-44.1N,128-30-48.3E
809,금일도·생일도,도지항,34-22-07.8N,127-00-37.2E
810,추자도,신양리 해안 갯바위,33-56-06.6N,126-19-41.2E
811,연화도 부근,연화도 반하도 골창,34-39-06.541N,128-21-12.218E
812,이작도·승봉도, 소이작도 손가락 바위 부근,37-10-59.0N,126-14-57.7E
813,안면도 남 부,운여 해변 남측 갯바위,36-25-31.9N,126-21-05.3E
814,황제도,장도 홈통,34-12-12.691N,127-09-24.532E
815,제주도 서부·차귀도·비양도,영락리 장원수산 앞 갯바위,33-14-31.4N,126-12-43.3E
816,자란만 부근,.솔섬 맞은편,34-56-14.24N,128-15-20.1E
817,대삼부도,동측 갯바위,34-03-25.926N,127-23-53.846E
818,고이도·매화도·선도·증도,버지 선창,35-01-26.0N,126-07-29.1E
819,가의도,코끼리 바위 남측 갯바위,36-40-50.4N,126-05-14.7E
820,고흥호 부근,장재도 남측해안,34-36-45.373N,127-00-42.61E
821,임자도·사옥도,임자도 남서측 곶부리,35-03-25.0N,126-03-29.2E
822,풍도·난지도, 풍도 북동측 돌출부,37-06-56.5N,126-23-24.2E
823,가거도,대리취,34-04-13.3N,125-05-40.7E
824,금당도,송아지목,34-25-16.1N,127-02-02.1E
825,상조도·하조도·관매도,흑여(낚시배),34-18-07.2N,126-05-48.5E
826,비금도·도초도,도초도 지남리 남쪽 곶부리,34-40-11.4N,125-55-29.3E
827,노화도·보길도·소안도,소안도 탁구진 부근 갯바위,34-08-26.9N,126-40-48.8E
828,여서도·거문도,거문도 대린포 갯바위,34-03-30.5N,127-18-57.1E
829,두미도,물내려오는곳,34-41-30.1N,128-11-15.8E
830,상조도·하조도·관매도,관매도 해수욕장 갯바위,34-15-09.1N,126-02-55.4E
831,연평도,감마금뿌리,37-36-18.6N,125-42-23.5E
832,추도 부근,물선치,34-44-51.929N,128-17-33.42E
833,금오도·안도, 안도 칼바위,34-29-04.1N,127-49-29.9E
834,가거도,물등개 갯바위,34-03-30.8N,125-08-19.3E
835,이작도·승봉도, 승봉도 동양콘도 앞,37-10-26.4N,126-17-27.9E
836,신지도,동고리 남쪽 갯바위,34-19-49.9N,126-53-37.5E
837,제주도 북서부,라마다호텔 앞 해안도로 우측,33-31-07.0N,126-31-26.7E
838,덕적도·소야도, 덕적도 파락금이 갯바위,37-15-28.2N,126-07-03.4E
839,호도·녹도·외연도, 호도 북동쪽 갯바위,36-18-09.5N,126-16-09.4E
840,거금도, 금진리 철탑 부근 선창,34-29-22.0N,127-06-55.8E
841,거금수도 부근,구암리 해안길,34-28-08.28N,127-19-15.654E
842,자은도,남진 선창,34-51-24.5N,126-03-56.1E
843,상조도·하조도·관매도,상조도 서쪽 둥근바위,34-19-35.9N,125-59-44.8E
844,연도,동부 근처 갯바위,34-25-42.264N,127-48-19.289E
845,무의도,실미도북서측 갯바위,37-24-09.4N,126-23-21.1E
846,노화도·보길도·소안도,소안도 월항리 양식장부근,34-11-50.7N,126-39-21.1E
847,낭도 부근,하화도 서측,34-35-19.726N,127-36-21.274E
848,추자군도,발전소 부근,33-57-00.915N,126-18-10.225E
849,여서도·거문도,거문도 송곡단 부근 갯바위,34-02-05.5N,127-16-57.4E
850,홍도,흔들바위 상단,34-40-40.501N,125-11-33.476E
851,거제도 남부,서이말 갯바위 일대,34-47-25.4N,128-44-25.6E
852,손죽열도 부근,소거문 서측,34-17-19.665N,127-23-09.196E
853,금오도·안도,안도 동고지 해안갯바위,34-29-49.4N,127-49-05.4E
854,욕지도,고래바위 끝바리,34-37-43.5N,128-14-07.9E
855,비진도·매물도, 비진도 설품단 부근 갯바위,34-42-33.9N,128-26-50.8E
856,거제도 북동부,양지암 북바위,34-53-38.7N,128-45-02.8E
857,자월도, 굴뿌리,37-15-35.2N,126-20-53.9E
858,문갑도·선갑도, 문갑도 문턱뿌리 부근,37-09-59.1N,126-06-04.5E
859,입파도·국화도, 입파도 서측 갯바위,37-06-08.8N,126-32-13.5E
860,선유도·무녀도·장자도·신시도,무녀도 제방,35-48-20.8N,126-26-24.0E
861,신지도,무생끝 부근,34-18-36.9N,126-52-56.8E
862,백아도·굴업도,굴업도 마을 동쪽 갯바위,37-11-13.1N,125-58-54.5E
863,원산도·삽시도,삽시도 야의곶 부근,36-20-07.1N,126-22-12.5E
864,신지도, 대곡항 북쪽 갯바위,34-21-08.5N,126-49-27.9E
865,청산도·대모도, 대모도 외라이말 갯바위,34-11-44.9N,126-46-23.4E
866,거제도 남부,해금강 도세치 끝,34-44-13.8N,128-40-52.6E
867,거금도, 옥룡마을 갯바위,34-25-53.5N,127-07-30.7E
868,금오도·안도, 금오도 소유마을 갯바위,34-31-53.9N,127-46-11.9E
869,영흥도·선재도·대부도·구봉도, 대부도 쪽박섬 부근,37-12-51.8N,126-32-32.5E
870,시도,조각공원 북측 갯바위,37-31-50.0N,126-24-06.2E
871,안마도·석만도,우물밑 갯바위,35-22-25.0N,126-02-32.4E
872,임자도·사옥도,고동섬 갯바위,35-03-25.0N,126-03-29.2E
873,암태도,익금마을 선창,34-52-39.0N,126-06-31.1E
874,우이도,송도 북측 갯바위,34-37-02.2N,125-52-03.6E
875,가거도,바둑바위,34-05-08.3N,125-05-44.5E
876,초도,파랑끝,34-14-43.6N,127-15-44.6E
877,대청도·소청도, 대청도 서풍받이 서쪽 갯바위,37-48-06.2N,124-40-47.2E
878,청산도·대모도, 대모도 소로지말 갯바위,34-10-39.1N,126-45-40.2E
879,풍도·난지도, 풍도 채석장 북측,37-06-51.1N,126-22-48.9E
880,십이동파도·비안도, 십이동파도 작은 쌍섬,35-59-37.1N,126-14-27.0E
881,금오도·안도,안도 철탑 아래 갯바위,34-28-18.6N,127-48-08.6E
882,거제도 남부,학동 용바위,34-46-07.8N,128-38-19.6E
883,연평도,금능해수욕장 남측 갯바위,37-39-50.0N,125-41-00.8E
884,안마도·석만도,나룻방 밑 갯바위,37-25-19.1N,126-26-06.0E
885,추자군도,모진해수욕장 갯바위,33-57-06.832N,126-18-02.385E
886,순천만 부근,교량낚시터,34-45-26.347N,127-30-24.395E
887,고이도·매화도·선도·증도,마산도 선창,34-57-09.2N,126-14-57.8E
888,이작도·승봉도,승봉도 목섬 부근,37-09-26.3N,126-19-15.2E
889,제주도 서부·차귀도·비양도,비양도 동측 갯바위,33-24-35.8N,126-13-54.3E
890,제주도 북동부·우도,우도치안센터 앞,33-31-23.6N,126-57-29.2E
891,시도,수기해변 서측 갯바위,37-32-45.1N,126-25-38.6E
892,안면도 북부,황도 연륙교 아래,36-35-48.8N,126-22-30.7E
893,가의도,작은 마을 동측 안통,36-40-23.1N,126-04-17.5E
894,안마도·석만도,똥섬 부근 갯바위,35-21-53.2N,126-03-36.9E
895,임자도·사옥도,대두끝 갯바위,35-03-05.1N,126-06-23.6E
896,고이도·매화도·선도·증도,선도북측 선창,35-00-24.6N,126-15-35.0E
897,안좌도·팔금도,신안교 서단,34-45-59.8N,126-07-39.9E
898,진도 북부,군내방조제,34-32-06.6N,126-14-00.9E
899,안마도·석만도,똥섬 갯바위,35-21-44.8N,126-03-36.0E
900,안마도·석만도,긴 둑 밑 갯바위,35-20-23.2N,126-00-44.5E
901,진도 남동부,현목항 선창,34-22-46.3N,126-16-03.1E
902,초도,막두,34-14-52.0N,127-14-35.8E
903,무의도,무의도 곶부리,37-24-44.5N,126-24-29.2E
904,우이도,선창구미,34-36-40.5N,125-51-35.4E
905,목포 부근,명지식품 해안길,34-50-56.93N,126-24-17.8E
906,초도,석머리,34-14-12.6N,127-14-04.3E
907,남해도 동부·신수도·창선도,신수도 북쪽 갯바위,34-54-36.8N,128-04-25.2E
908,칠천도·가조도,계도 어촌 체험 낚시터,34-58-35.1N,128-30-48.2E
909,추자도,모진 해수욕장,33-56-41.3N,126-20-03.7E
910,상조도·하조도·관매도,하조도 매동여(낚시배),34-16-31.8N,126-05-42.0E
911,연평도,검은서,37-38-29.2N,125-42-17.9E
912,돌산도,계동등대 옆 갯바위,34-39-37.3N,127-48-21.7E
913,제주도 동부,당두곶 우측 갯바위,33-25-24.1N,126-55-55.4E
914,남해도 동부·신수도·창선도,모상개 해수욕장 우측 갯바위,34-49-41.3N,128-05-13.9E
915,우이도,가도 북측 갯바위,34-37-24.0N,125-51-51.0E
916,진도 남동부,접도리 선창,34-23-20.3N,126-17-01.1E
917,제주도 서부·차귀도·비양도,비양도 초소 밑 갯바위,33-24-21.4N,126-13-22.2E
918,송이도,큰내기 좌측 갯바위,35-17-33.9N,126-08-19.9E
919,상조도·하조도·관매도,하조도 등대,34-18-41.7N,126-05-17.4E
920,고이도·매화도·선도·증도,왕바위,34-57-17.1N,126-07-37.8E
921,호도·녹도·외연도,외연도 누적금 부근,36-13-51.1N,126-04-30.0E
922,십이동파도·비안도,비안도 서쪽 돌출여 부근,35-44-02.5N,126-26-54.4E
923,말도·방축도, 방축도 북서바위,35-51-10.5N,126-22-03.3E
924,비금도·도초도, 비금도 이미해수욕장 갯바위,34-45-30.9N,125-53-29.8E
925,한산도·용초도,"용초 뒤등 갯바위
",34-44-21.8N,128-28-00.6E
926,추자도,예초리 해안도로 갯바위,33-57-24.7N,126-20-11.7E
927,제주도 남서부·가파도·마라도,할망당 아래 갯바위,33-07-19.3N,126-16-00.3E
928,고이도·매화도·선도·증도,도둑섬 포인트,35-00-29.0N,126-06-04.1E
929,상조도·하조도·관매도,고치여 하늘다리 주변,34-13-18.6N,126-02-12.3E
930,제주도 남서부·가파도·마라도,사계리 체육공원 갯,33-13-17.1N,126-17-49.7E
931,암태도,중앙대교 북단,34-48-02.1N,126-07-06.3E
932,추자도,하추자도 남동측 끝단,33-55-48.6N,126-19-49.8E
933,안좌도·팔금도,신안교 동단,34-46-03.5N,126-07-55.8E
934,시도,시모도 연륙교,37-32-11.4N,126-24-52.5E
935,암태도,익금해변 갯바위,34-52-52.6N,126-07-19.0E
936,가거도,오구멍박벌 갯바위,34-03-51.5N,125-06-41.5E
937,낭도 부근,해안길 좌측,34-35-45.857N,127-32-23.595E
938,진해항 부근,잠도 서측,35-03-35.629N,128-39-46.852E
939,추도 부근,용머리치 끝,34-45-17.662N,128-17-00.16E
940,갈도 부근,너부렁여,34-33-33.742N,128-10-34.957E
941,홍도,수력말과종바위 인근,34-42-48.804N,125-12-42.953E
942,득량만 부근,정남진해양낚시공원,34-28-17.864N,126-58-42.301E
943,여수엑스포 부근,국동항 인근,34-43-19.142N,127-43-31.545E
944,화원 부근,"마리나공사장 남측
(*화원 마리나 포인트)",34-41-00.8N,126-15-28.136E
945,황제도,흰여,34-12-59.349N,127-07-59.25E
946,홍도,독립문 인근,34-42-59.503N,125-12-30.814E
947,연화도 부근,연화리 갯바위,34-38-30.497N,128-21-48.818E
948,목포 부근,꼬막섬,34-50-50.661N,126-18-15.569E
949,거차수도 부근,동거차 둥근섬,34-14-49.697N,125-56-08.826E
950,독거군도 부근,소슬도,34-15-14.817N,126-09-20.478E
951,거금수도 부근,추도,34-28-44.861N,127-22-55.116E
952,낭도 부근,사도 서측,34-35-33.263N,127-33-12.252E
953,여수엑스포 부근,검은모래해변 부근,34-46-10.682N,127-45-02.323E
954,손죽열도 부근,소거문 홈통,34-16-57.503N,127-23-18.66E
955,해남반도 부근,어란리 서측,34-22-43.556N,126-28-25.721E
956,완도 부근,사내방조제,34-27-41.94N,126-44-21.823E
957,대삼부도,똥여부근 갯바위,34-03-31.91N,127-23-44.666E
958,연화도 부근,대바위 인근,34-38-31.675N,128-20-40.133E
959,추자군도,염도 좌측,33-58-27.368N,126-18-21.645E
960,진주만 부근,"삼분갑 근처 갯바위
(*삼천포 마리나 포인트)",34-57-31.736N,128-01-55.613E
961,진해만 부근,문턱개 북측,34-51-45.353N,128-23-18.245E
962,갈도 부근,빗바위,34-34-13.991N,128-11-21.59E
963,목포 부근,도시촌 길 남측,34-48-53.775N,126-20-50.165E
964,거금수도 부근,한옥민박 옆,34-28-24.328N,127-14-00.822E
965,진해항 부근,해돋이까페 부근,35-06-14.661N,128-36-04.414E
966,자란만 부근,가오치 마을 앞,34-54-32.66N,128-19-11.41E
967,만재도,내마도상단,34-12-37.943N,125-27-51.414E
968,대삼부도,동굴 좌측,34-03-40.399N,127-23-24.604E
969,진해항 부근,막개도,35-08-15.278N,128-35-59.837E
970,추자군도,섬생이 좌측,33-56-21.168N,126-18-33.538E
971,득량만 부근,득량도 우측,34-36-08.922N,127-06-27.856E
972,연화도 부근,가마동섬,34-39-41.542N,128-20-53.227E
973,순천만 부근,선정 부근,34-45-04.0N,127-23-22.6E
974,목포 부근,모삼머리들,34-52-04.315N,126-19-15.792E
975,추자군도,검둥여 부근,33-58-33.309N,126-18-46.704E
976,사진리,사진 2리 남단 영덕 무지개 폭포,36-31-43.16N,129-26-27.306E
977,축산항,축산 죽도산 갯바위,36-30-31.324N,129-27-10.608E
978,석리,석리 탐조등 노물다섯짬 해안도로 갯바위1,36-27-31.527N,129-26-10.781E
979,석리,석리 탐조등 노물다섯짬 해안도로 갯바위2,36-27-15.982N,129-26-07.571E
980,금진2리,금진 2리 마을 회관 갯바위,36-22-13.37N,129-23-52.795E
981,남호리,남호 해수욕장 백사장,36-19-39.641N,129-22-47.832E
982,장사리,장사해수욕장 남동쪽 갯바위,36-16-38.845N,129-22-47.6E
983,부경리,부경리 갯바위1,36-16-29.874N,129-22-51.955E
984,부경리,부경리 갯바위2,36-16-25.5N,129-22-47.932E
985,삼정항,석병방파제 갯바위,36-01-21.6N,129-34-47.999E
986,삼정3리,심정 3리 갯바위,36-00-30.556N,129-34-43.37E
987,구룡포항,구룡포 해수욕장 남측 갯바위1,35-59-40.606N,129-33-59.459E
988,구룡포항,구룡포 해수욕장 남측 갯바위2,35-59-29.354N,129-34-04.613E
989,구룡포항,구룡포항 서쪽 바다 낚시터,35-59-22.263N,129-33-57.28E
990,장길리,구룡포항 장길리 보릿돌,35-58-29.658N,129-33-10.709E
991,장길리,장길리 복합 낚시 공원,35-57-05.861N,129-33-04.119E
992,신창리,신창 간이 해수욕장,35-53-25.325N,129-31-29.209E
993,양포항,양포항 남쪽 갯바위,35-52-18.951N,129-31-22.748E
994,계원2리,계원 2리 등대 갯바위,35-51-12.432N,129-31-31.909E
995,척사항,척사방파제 북쪽 갯바위,35-49-00.714N,129-30-47.781E
996,척사항,척사방파제 남쪽 갯바위,35-48-45.426N,129-30-39.101E
997,감포항,감포항 송대말 등대 앞 갯바위,35-48-23.366N,129-30-42.246E
998,판지항,판지항 남측 갯바위,35-36-44.144N,129-27-30.63E
999,제전항,제전항 남측 갯바위,35-36-22.534N,129-27-44.901E
1000,우가포,우가포갯바위,35-35-32.879N,129-27-49.536E
1001,당사해양낚시공원,당사해양낚시공원,35-34-48.83N,129-27-30.879E
1002,주전몽돌해변,주전몽돌해변,35-33-56.857N,129-27-20.531E
1003,소바위,울산소바위,35-29-10.543N,129-26-18.838E
1004,슬도,울산 슬도,35-28-41.8N,129-25-52.438E
1005,대바위공원,대바위공원,35-22-39.656N,129-20-43.291E
1006,신암1리,신암1리 방파제 동측 갯바위,35-20-51.485N,129-19-55.276E
1007,신평소공원,신평소공원 윷판대,35-17-36.596N,129-15-39.61E
1008,온정방파제,온정방파제 동측 남사암,35-16-59.296N,129-15-35.862E
1009,대변항,대변항 북측 갯바위,35-13-16.229N,129-14-18.202E
1010,원앙대,원앙대(오랑대공원),35-12-20.695N,129-13-41.784E
1011,죽도,죽도갯바위(송일정),35-10-43.875N,129-12-22.216E
1012,망양휴게소,망양휴게소 갯바위,36-52-21.731N,129-25-17.779E
1013,사동항,사동항 남측 갯바위,36-49-22.551N,129-26-59.54E
1014,봉산리,봉산리 백사장 남측 갯바위,36-46-50.635N,129-28-10.787E
1015,봉산리,봉산리 주변 갯바위1,36-46-32.93N,129-28-19.622E
1016,봉산리,봉산리 주변 갯바위2,36-46-17.675N,129-28-32.792E
1017,봉산리,봉산리 주변 갯바위3,36-46-04.124N,129-28-42.976E
1018,직산리,직산리 주변 갯바위1,36-43-59.65N,129-28-34.212E
1019,직산리,직산리 주변 갯바위2,36-43-37.604N,129-28-38.759E
1020,거일리,거일리 주변 백사장,36-43-07.32N,129-28-21.277E
1021,거일리,거일리 주변 갯바위,36-42-39.27N,129-28-32.57E
1022,거일리,거일리 주변 해안도로 갯바위,36-42-15.293N,129-28-29.25E
1023,거일리,울진 바다목장 해상낚시 공원 및 주변 갯바위,36-41-57.891N,129-28-39.988E
1024,거일리,거일리 남단 주변 갯바위,36-41-49.198N,129-28-23.448E
1025,거일리,거일리 남단 주변 백사장,36-41-43.566N,129-28-10.33E
1026,후포항,후포항 동쪽 갓바위,36-40-46.399N,129-27-58.8E
1027,금음리,금음리 주변 갯바위1,36-39-28.886N,129-25-51.64E
1028,금음리,금음리 주변 갯바위2,36-39-16.363N,129-25-49.35E
1029,금음리,금음리 주변 갯바위3,36-39-07.522N,129-25-45.436E
1030,금음리,금음리 주변 갯바위4,36-38-49.227N,129-25-33.527E
1031,금음리,금음 4리 주변 갯바위,36-38-30.758N,129-25-20.368E
1032,병곡리,고래불 해수욕장 백사장,36-35-52.773N,129-24-40.928E
1033,대진항,대진항 북쪽 도해단 갯바위,36-33-37.612N,129-25-56.366E
1034,대진항,대진항 남단 갯바위1,36-33-18.238N,129-26-13.764E
1035,대진항,대진항 남단 갯바위2,36-33-13.1N,129-26-18.672E
1036,오호항,오호항주변 갯바위,38-19-40.5N,128-31-49.46E
1037,문암2리항,문암2리항 갯바위,38-17-48.692N,128-32-59.618E
1038,아야진항,아야진 방파제 갯바위,38-16-28.405N,128-33-25.219E
1039,아야진항,아야진항 북측 갯바위,38-16-12.475N,128-33-29.108E
1040,청간해변,청간해변 갯바위,38-15-59.2N,128-33-31.121E
1041,봉포해변,봉포해변 갯바위,38-15-09.961N,128-34-07.137E
1042,낙산항,낙산방파제 갯바위,38-07-26.924N,128-37-58.56E
1043,남애항,남애항 북측 갯바위1,37-56-48.89N,128-47-10.347E
1044,남애항,남애항 북측 갯바위2,37-56-41.663N,128-47-18.943E
1045,남애항,남애항 남측 갯바위,37-56-23.279N,128-47-20.607E
1046,사천진해변,사천진 바위,37-50-27.866N,128-52-39.496E
1047,어달리항,어달리항 남측 갯바위,37-33-36.813N,129-07-14.325E
1048,어달리항,어달리항 북측 방조제,37-33-10.286N,129-07-10.401E
1049,한섬방파제,동해기도원 갯바위,37-31-42.144N,129-07-20.354E
1050,후진항,후진항 북측 갯바위,37-27-51.91N,129-10-37.355E
1051,덕산해수욕장,덕봉산 주변 갯바위,37-23-18.803N,129-14-20.746E
1052,대진항,대진항 내항,37-20-49.425N,129-15-40.53E
1053,초곡항,초곡항 서측 갯바위,37-18-33.96N,129-17-27.718E
1054,장호항,장호항 갯바위,37-17-21.672N,129-19-04.441E
1055,갈남항,갈남항 서측 갯바위,37-16-53.772N,129-19-24.133E
1056,노곡항,노곡항 남측 갯바위,37-11-58.677N,129-20-37.898E
1057,나곡해수욕장,나곡해수욕장 남측 갯바위,37-07-31.874N,129-22-20.941E
1058,나곡해수욕장,나곡바다 낚시공원,37-07-03.701N,129-22-46.673E
1059,석호항,석호해변 갯바위,37-06-36.613N,129-22-28.372E
1060,부구해수욕장,부구해수욕장 북측 갯바위,37-06-20.924N,129-22-38.872E
1061,후정해수욕장,후정해수욕장 갯바위,37-04-12.1N,129-25-02.896E
1062,봉수항,봉수항 북측 갯바위,37-03-55.82N,129-25-27.685E
1063,봉수항,봉수항 남측 갯바위,37-03-44.147N,129-25-39.9E
1064,죽변항,죽변항에서봉평해수욕장까지백사장,37-03-04.429N,129-24-52.643E
1065,양정항,양정항 북쪽갯바위1,37-01-17.51N,129-24-39.68E
1066,양정항,양정항 북쪽갯바위2,37-00-59.514N,129-24-47.3E
1067,양정항,양정항에서 대나리항까지 해안도로,37-00-40.952N,129-24-57.738E
1068,울진항,울진항에서 공세항 해안도로,36-59-17.91N,129-24-50.567E
1069,남대천,남대천하구,36-58-41.586N,129-24-31.11E
1070,산포리,산포리갯바위,36-57-01.336N,129-25-09.584E
1071,산포리,산포리 백사장 갯바위,36-56-36.651N,129-25-13.319E
1072,산포리,산포리촛대바위,36-56-22.16N,129-25-15.243E
1073,진복리,진복리백사장갯바위,36-55-38.21N,129-25-05.158E
1074,진복항,진복방파제 남측 갯바위,36-54-52.345N,129-24-56.366E
1075,오산항,오산2리 마을회관 갯바위,36-53-47.768N,129-25-13.489E
1076,덕신휴게소,덕신휴게소 부근 백사장,36-52-46.28N,129-25-07.766E
1077,다대포항,부산광역시 사하구 다대동,35-03-14.99N,128-58-29.21E
1078,방어진항,울산광역시 동구 방어동,35-28-53.42N,129-25-36.95E
1079,신수항,경상남도 사천시 신수동,34-54-07.74N,128-04-17.76E
1080,물건항,경상남도 남해군 삼동면 물건리,34-47-47.97N,128-03-18.56E
1081,미조항(북항),경상남도 남해군 미조면 미조리,34-43-02.12N,128-02-59.88E
1082,미조항(남항),경상남도 남해군 미조면 미조리,34-42-17.64N,128-02-48.63E
1083,노량항,경상남도 하동군 금남면 노량리,34-56-48.00N,127-51-36.41E
1084,김녕항,제주특별자치도 제주시 구좌읍 김녕리,33-33-31.47N,126-44-18.32E
1085,도두항,제주특별자치도 제주시 도두동,33-30-26.74N,126-27-50.25E
1086,신양항,제주특별자치도 제주시 추자면 신양리,33-56-24.36N,126-19-35.97E
1087,모슬포항(북항),제주특별자치도 서귀포시 대정읍 하모리,33-12-57.63N,126-14-54.62E
1088,모슬포항(남항),제주특별자치도 서귀포시 대정읍 하모리,33-12-29.60N,126-15-23.06E
1089,위미항,제주특별자치도 서귀포시 남원읍 위미리,33-16-09.84N,126-39-38.78E
1090,궁평항,경기도 화성시 서신면 궁평리,37-07-00.00N,126-40-31.79E
1091,대진항,강원도 고성군 현내면 대진리,38-30-02.82N,128-25-37.93E
1092,거진항,강원도 고성군 거진읍 거진리,38-26-40.62N,128-27-26.85E
1093,공현진항,강원도 고성군 죽왕면 공현진리,38-21-12.54N,128-30-46.36E
1094,아야진항,강원도 고성군 토성면 아야진리,38-16-20.71N,128-33-27.18E
1095,대포항,강원도 속초시 대포동,38-10-17.95N,128-36-33.54E
1096,수산항,강원도 양양군 손양면 수산리,38-04-41.91N,128-40-37.73E
1097,남애항,강원도 양양군 현남면 남애리,37-56-32.70N,128-47-23.78E
1098,사천진항,강원도 강릉시 사천면 사천진리,37-50-05.66N,128-52-44.84E
1099,천성항,부산광역시 강서구 천성동,35-01-35.07N,128-48-38.34E
1100,강릉항,강원도 강릉시 견소동,37-46-16.76N,128-57-10.96E
1101,금진항,강원도 강릉시 옥계면 금진리,37-38-57.73N,129-02-58.26E
1102,궁촌항,강원도 삼척시 근덕면 궁촌리,37-19-29.50N,129-16-12.94E
1103,덕산항,강원도 삼척시 근덕면 덕산리,37-22-38.27N,129-15-29.70E
1104,장호항,강원도 삼척시 근덕면 장호리,37-17-17.05N,129-18-55.10E
1105,임원항,강원도 삼척시 원덕읍 임원리,37-13-35.42N,129-20-36.38E
1106,삼길포항,충청남도 서산시 대산읍 화곡리,37-00-21.21N,126-27-10.75E
1107,모항항,충청남도 태안군 소원면 모항리,36-46-41.15N,126-07-44.84E
1108,안흥항(외항),충청남도 태안군 근흥면 신진도리,36-40-41.52N,126-07-48.18E
1109,안흥항(내항),충청남도 태안군 근흥면 신진도리,36-40-26.99N,126-08-58.82E
1110,남당항,충청남도 홍성군 서부면 남당리,36-32-03.50N,126-28-09.55E
1111,대변항,부산광역시 기장군 기장읍 대변리,35-13-04.38N,129-13-55.63E
1112,오천항,충청남도 보령시 오천면 소성리,36-26-23.07N,126-31-06.62E
1113,외연도항,충청남도 보령시 오천면 외연도리,36-13-23.86N,126-04-47.61E
1114,홍원항,충청남도 서천군 서면 도둔리,36-09-33.86N,126-30-10.09E
1115,장고항,충청남도 당진시 석문면 장고항리,37-01-58.13N,126-33-51.02E
1116,어청도항,전라북도 군산시 옥도면 어청도리,36-06-56.31N,125-59-09.95E
1117,연도항,전라북도 군산시 옥도면 연도리,36-04-48.86N,126-26-37.23E
1118,말도항,전라북도 군산시 옥도면 말도리,35-51-18.23N,126-18-57.94E
1119,격포항,전라북도 부안군 변산면 격포리,35-37-14.33N,126-27-51.13E
1120,위도항,전라북도 부안군 위도면 진리,35-37-08.20N,126-18-04.70E
1121,구시포항,전라북도 고창군 상하면 자룡리,35-26-57.34N,126-25-28.92E
1122,어유정항,인천광역시 강화군 삼산면 매음리,37-38-47.02N,126-20-42.73E
1123,계마항,전라남도 영광군 홍농읍 계마리,35-23-22.53N,126-24-13.57E
1124,안마항,전라남도 영광군 낙월면 월촌리,35-20-57.29N,126-00-34.57E
1125,전장포항,전라남도 신안군 임자면 도찬리,35-08-07.70N,126-08-36.42E
1126,가거도항,전라남도 신안군 흑산면 가거도리,34-02-50.91N,125-07-35.90E
1127,우이도항,전라남도 신안군 도초면 우이도리,34-37-13.57N,125-51-30.01E
1128,수품항,전라남도 진도군 의신면 금갑리,34-22-40.53N,126-18-33.54E
1129,서망항,전라남도 진도군 임회면 남동리,34-21-54.18N,126-07-54.76E
1130,서거차항,전라남도 진도군 조도면 서거차도리,34-14-52.86N,125-54-47.78E
1131,어란진항,전라남도 해남군 송지면 어란리,34-20-46.08N,126-28-19.51E
1132,마량항,전라남도 강진군 마량면 마량리,34-26-47.07N,126-49-06.41E
1133,득암항,전라남도 완도군 약산면 득암리,34-21-30.26N,126-53-37.43E
1134,사동항,전라남도 완도군 금일읍 사동리,34-20-02.38N,127-04-35.04E
1135,도장항,전라남도 완도군 금일읍 도장리,34-22-08.43N,127-00-43.16E
1136,청산도항,전라남도 완도군 청산면 도청리,34-10-48.00N,126-51-05.21E
1137,소안항,전라남도 완도군 소안면 맹선리,34-09-07.18N,126-37-54.10E
1138,보옥항,전라남도 완도군 보길면 부황리,34-07-45.61N,126-30-36.20E
1139,여서항,전라남도 완도군 청산면 여서리,33-59-16.51N,126-55-15.81E
1140,이목항,전라남도 완도군 노화읍 이목리,34-10-28.99N,126-34-09.50E
1141,녹동항,전라남도 고흥군 도양읍 봉암리,34-31-28.21N,127-07-48.29E
1142,덕적도항,인천광역시 옹진군 덕적면 북리,37-15-15.29N,126-07-19.18E
1143,풍남항,전라남도 고흥군 풍양면 풍남리,34-31-05.26N,127-14-46.19E
1144,여호항,전라남도 고흥군 전암면 여호리,34-39-39.96N,127-28-20.94E
1145,발포항,전라남도 고흥군 도화면 발포리,34-28-51.93N,127-20-39.70E
1146,시산항,전라남도 고흥군 도양읍 시산리,34-23-53.04N,127-15-46.23E
1147,국동항,전라남도 여수시,34-43-22.40N,127-43-02.65E
1148,낭도항,전라남도 여수시 화정면 낭도리,34-36-01.36N,127-32-00.33E
1149,돌산항,전라남도 여수시 돌산읍 군내리,34-36-41.50N,127-43-17.51E
1150,안도항,전라남도 여수시 남면 안도리,34-28-46.76N,127-47-40.51E
1151,연도항,전라남도 여수시 남면 연도리,34-25-42.09N,127-47-27.11E
1152,초도항,전라남도 여수시 삼사면 초도리,34-14-19.28N,127-14-21.02E
1153,회진항,전라남도 장흥군 회진면 회진리,34-28-44.34N,126-56-36.47E
1154,죽변항,경상북도 울진군 죽변면 죽변리,37-03-01.48N,129-25-08.87E
1155,오산항,경상북도 울진군 매화면 오산리,36-53-15.19N,129-25-13.78E
1156,사동항,경상북도 울진군 기성면 사동리,36-49-28.37N,129-26-55.55E
1157,구산항,경상북도 울진군 기성면 구산리,36-45-18.57N,129-28-19.24E
1158,대진항,경상북도 영덕군 영해면 대진리,36-33-26.47N,129-26-06.66E
1159,축산항,경상북도 영덕군 축산면 축산리,36-30-35.61N,129-26-56.94E
1160,구계항,경상북도 영덕군 남정면 구계리,36-19-04.12N,129-22-47.89E
1161,대보항,경상북도 포항시 남구 호미곶면 대보리,36-04-46.88N,129-33-40.91E
1162,양포항,경상북도 포항시 남구 장기면 양포리,35-52-32.21N,129-31-26.83E
1163,선진포항,인천광역시 옹진군 대청면 대청리,37-49-43.04N,124-42-57.93E
1164,감포항,경상북도 경주시 감포읍 감포리,35-48-02.61N,129-30-13.85E
1165,읍천항,경상북도 경주시 양남면 읍천리,35-41-28.44N,129-28-32.49E
1166,현포항,경상북도 울릉군 북면 현포리,37-31-42.55N,130-49-33.69E
1167,남양항,경상북도 울릉군 서면 남양리,37-27-55.40N,130-50-05.37E
1168,저동항,경상북도 울릉군 울릉읍 저동리,37-29-46.60N,130-54-43.00E
1169,외포항,경상남도 거제시 장목면 외포리,34-56-14.69N,128-43-12.36E
1170,능포항,경상남도 거제시 능포동,34-53-12.79N,128-44-14.90E
1171,지세포항,경상남도 거제시 일운면 지세포리,34-50-23.76N,128-42-44.31E
1172,구조라항,경상남도 거제시 일운면 구조라리,34-48-19.95N,128-41-54.78E
1173,다대다포항,경상남도 거제시 남부면 다대리,34-43-46.10N,128-37-39.11E
1174,정자항,울산광역시 북구 강동동,35-36-54.97N,129-27-12.71E
1175,대포근포항,경상남도 거제시 남부면 저구리,34-43-04.98N,128-34-59.65E
1176,광암항,경상남도 창원시 마산합포구 진동면 요장리,35-06-08.91N,128-29-43.77E
1177,원전항,경상남도 창원시 마산합포구 구산면 심리,35-04-00.50N,128-37-53.98E
1178,맥전포항,경상남도 고성군 하일면 춘암리,34-53-53.80N,128-09-55.79E
1179,남포항,경상남도 고성군 고성읍 수남리,34-57-18.10N,128-19-12.67E
1180,삼덕항,경상남도 통영시 산양읍 삼덕리,34-47-39.15N,128-22-42.64E
1181,능양항,경상남도 통영시 사량면 양지리,34-48-33.52N,128-14-33.01E
1182,욕지항,경상남도 통영시 욕지면 동항리,34-37-56.87N,128-16-24.88E
1183,호두항,경상남도 통영시 한산면 용호리,34-44-26.23N,128-30-09.06E
1184,매물도항,경상남도 통영시 한산면 매죽리,34-38-51.80N,128-34-21.87E
1185,초평항,전라남도 진도군 의신면 초사리,34-24-48.09N,126-20-12.86E
1186,소래포구항,인천광역시 남동구 논현동,37-23-45.60N,126-44-15.11E
1187,무창포항,충청남도 보령시 웅천면 관당리,36-15-00.91N,126-32-09.61E
1188,개야도항,전라북도 군산시 옥도면 개야도리,36-02-01.70N,126-33-28.74E
1189,송도항,전라남도 신안군 지도읍 읍내리,35-02-36.31N,126-12-06.84E
1190,오천항,전라남도 고흥군 금산면 오천리,34-26-00.86N,127-12-43.33E
1191,장목항,경상남도 거제시 장목면 장목리,34-59-24.35N,128-40-48.00E
1192,진두항,인천광역시 옹진군 영흥면 내5리,37-15-10.06N,126-29-54.18E
1193,가진항,강원도 고성군 죽왕면 가진리,38-22-00.62N,128-30-41.51E
1194,오호항,강원도 고성군 죽왕면 오호리,38-19-32.00N,128-31-46.84E
1195,문암1리항,강원도 고성군 죽왕면 문암1리,38-18-06.60N,128-32-59.32E
1196,문암2리항,강원도 고성군 죽왕면 문암2리,38-17-43.31N,128-33-00.93E
1197,교암항,강원도 고성군 토성면 교암리,38-17-23.05N,128-32-55.10E
1198,천진항,강원도 고성군 토성면 천진리,38-15-32.34N,128-33-39.78E
1199,봉포항,강원도 고성군 토성면 봉포리,38-15-01.57N,128-34-08.00E
1200,물치항,강원도 양양군 강현면 물치리,38-09-16.21N,128-36-37.33E
1201,동산항,강원도 양양군 현남면 동산리,37-58-44.71N,128-45-46.84E
1202,소돌항,강원도 강릉시 주문진읍 주문리,37-54-15.04N,128-49-49.37E
1203,영진항,강원도 강릉시 연곡면 영진리,37-51-57.05N,128-50-58.44E
1204,초곡항,강원도 삼척시 근덕면 초곡리,37-17-17.31N,129-18-57.57E
1205,신남항,강원도 삼척시 원덕읍 갈남리,37-15-55.49N,129-19-40.78E
1206,골장항,경상북도 울진군 죽변면 봉평리,37-01-56.84N,129-24-54.21E
1207,기성항,경상북도 울진군 기성면 기성리,36-48-05.94N,129-27-35.18E
1208,직산항,경상북도 울진군 평해읍 직산리,36-43-28.43N,129-28-27.68E
1209,백석항,경상북도 영덕군 병곡면 백석리,36-37-26.77N,129-24-48.79E
1210,병곡항,경상북도 영덕군 병곡면 병곡리,36-35-55.32N,129-24-52.23E
1211,경정항,경상북도 영덕군 축산면 경정리,36-28-57.73N,129-26-05.23E
1212,노물항,경상북도 영덕군 영덕읍 노물리,36-26-40.84N,129-26-06.03E
1213,창포항,경상북도 영덕군 영덕읍 대부리,36-24-20.91N,129-25-33.94E
1214,부경항,경상북도 영덕군 남정면 부경리,36-16-16.90N,129-22-41.02E
1215,지경항,경상북도 포항시 북구 송라면 지경리,36-15-37.45N,129-22-31.41E
1216,방석항,경상북도 포항시 북구 송라면 방석리,36-13-56.00N,129-22-56.09E
1217,이가리항,경상북도 포항시 북구 청하면 이가리,36-11-04.89N,129-23-10.95E
1218,죽천항,경상북도 포항시 북구 흥해읍 죽천리,36-05-16.77N,129-25-12.03E
1219,발산항,경상북도 포항시 남구 동해면 발산리,36-01-56.65N,129-30-11.88E
1220,대보1리항,경상북도 포항시 남구 호미곶면 대보1리,36-04-05.49N,129-34-10.55E
1221,삼정항,경상북도 포항시 남구 구룡포읍 삼정리,36-00-10.87N,129-34-25.80E
1222,모포항,경상북도 포항시 남구 장기면 모포리,35-55-56.95N,129-31-36.99E
1223,전촌항,경상북도 경주시 감포읍 전촌리,35-47-26.11N,129-29-42.19E
1224,나정항,경상북도 경주시 감포읍 나정리,35-46-37.59N,129-29-44.70E
1225,가곡항,경상북도 경주시 감포읍 대본리,35-45-36.60N,129-29-35.89E
1226,당사항,울산광역시 북구 당사동,35-35-02.56N,129-27-30.23E
1227,주전항,울산광역시 동구 주전동,35-33-41.77N,129-27-27.12E
1228,나사항,울산광역시 울주군 서생면 나사리,35-21-18.74N,129-20-26.97E
1229,신암항,울산광역시 울주군 서생면 신암리,35-20-49.40N,129-19-35.89E
1230,월내항,부산광역시 기장군 장안읍 월내리,35-19-30.23N,129-16-40.56E
1231,칠암항,부산광역시 기장군 일광면 칠암리,35-17-55.08N,129-15-41.10E
1232,동백항,부산광역시 기장군 일광면 동백리,35-17-18.72N,129-15-29.01E
1233,이동항,부산광역시 기장군 일광면 이천리,35-16-14.70N,129-14-42.87E
1234,학리항,부산광역시 기장군 일광면 학리,35-15-33.61N,129-14-46.27E
1235,두호항,부산광역시 기장군 기장읍 죽성리,35-14-34.54N,129-14-45.39E
1236,신암항,부산광역시 기장군 기장읍,35-13-08.95N,129-13-43.41E
1237,송정항,부산광역시 해운대구 송정동,35-10-50.04N,129-12-23.84E
1238,청사포항,부산광역시 해운대구 중2동,35-09-34.75N,129-11-27.96E
1239,우동항,부산광역시 해운대구 우2동,35-09-43.53N,129-08-07.86E
1240,민락항,부산광역시 수영구 민락동,35-09-11.61N,129-07-44.22E
1241,통구미항,경상북도 울릉군 서면 남양리,37-27-35.71N,130-51-25.53E
1242,태하항,경상북도 울릉군 서면 태하리,37-30-40.07N,130-47-50.96E
1243,천부항,경상북도 울릉군 북면 천부리,37-32-25.47N,130-52-18.84E
1244,대항항,부산광역시 강서구 대항동,35-00-41.08N,128-49-32.87E
1245,수치항,경상남도 창원시 진해구 원포동,35-06-19.33N,128-42-12.79E
1246,옥계항,경상남도 창원시 마산합포구 구산면 옥계리,35-05-30.77N,128-36-49.81E
1247,진동항,경상남도 창원시 마산합포구 진동면 고현리,35-05-59.84N,128-28-48.63E
1248,당항항,경상남도 고성군 회화면 당항리,35-02-58.69N,128-23-06.15E
1249,당동항,경상남도 고성군 거류면 당동리,34-59-10.25N,128-24-35.19E
1250,예포항,경상남도 통영시 광도면 안정리,34-56-26.55N,128-25-36.08E
1251,견유항,경상남도 통영시 용남면 장평리,34-53-14.78N,128-28-16.93E
1252,동암항,경상남도 통영시 용남면 동달리,34-52-03.81N,128-27-18.21E
1253,평림항,경상남도 통영시 평림동,34-51-24.16N,128-23-03.40E
1254,신천항,제주특별자치도 서귀포시 성산읍 신천리,33-20-29.45N,126-51-27.31E
1255,신양항,제주특별자치도 서귀포시 성산읍 신양리,33-25-41.01N,126-55-07.52E
1256,우도항,제주특별자치도 제주시 우도면 연평리,33-29-33.10N,126-56-58.37E
1257,종달항,제주특별자치도 제주시 구좌읍 종달리,33-29-47.10N,126-54-45.01E
1258,세화항,제주특별자치도 제주시 구좌읍,33-31-46.87N,126-51-24.43E
1259,조천항,제주특별자치도 제주시 조천읍 조천리,33-32-29.75N,126-38-00.39E
1260,화북항,제주특별자치도 제주시 화북1동,33-31-35.33N,126-33-55.63E
1261,성포항,경상남도 거제시 사등면 성포리,34-55-18.21N,128-31-28.82E
1262,유교항,경상남도 거제시 사등면 창호리,34-57-33.13N,128-31-49.76E
1263,한내항,경상남도 거제시 연초면 한내리,34-55-47.27N,128-35-57.79E
1264,하청항,경상남도 거제시 하청면 하청리,34-57-38.41N,128-38-57.06E
1265,송포항,경상남도 거제시 하청면 대곡리,35-00-45.57N,128-38-31.25E
1266,물안항,경상남도 거제시 하청면 어온리,35-00-10.13N,128-38-58.53E
1267,유호항,경상남도 거제시 장목면 유호리,35-01-41.19N,128-42-54.59E
1268,관포항,경상남도 거제시 장목면 관포리,34-59-29.84N,128-41-46.38E
1269,시방항,경상남도 거제시 장목면 시방리,34-57-54.36N,128-42-35.72E
1270,도장포항,경상남도 거제시 남부면 갈곶리,34-44-33.75N,128-39-42.96E
1271,쌍근항,경상남도 거제시 남부면 탑포리,34-45-46.41N,128-35-11.91E
1272,죽림항,경상남도 거제시 거제면 오수리,34-50-30.49N,128-34-43.08E
1273,장작지항,경상남도 통영시 한산면 두억리,34-46-20.48N,128-28-20.74E
1274,하포항,경상남도 통영시 한산면 하포리,34-45-40.95N,128-28-42.15E
1275,연화항,경상남도 통영시 욕지면 연화리,34-38-59.56N,128-21-03.34E
1276,내항항,경상남도 통영시 한산면 비진리,34-43-53.03N,128-27-35.70E
1277,학림항,경상남도 통영시 산양읍 저림리,34-44-54.27N,128-24-29.34E
1278,곤리항,경상남도 통영시 산양읍 곤리리,34-46-59.67N,128-22-14.24E
1279,연명항,경상남도 통영시 산양읍 연화리,34-46-43.83N,128-23-44.34E
1280,이운항,경상남도 통영시 산양읍 영운리,34-48-02.98N,128-26-02.08E
1281,향촌항,경상남도 통영시 산양읍 풍화리,34-49-59.39N,128-21-22.56E
1282,포교항,경상남도 고성군 삼산면 두포리,34-54-19.38N,128-16-29.13E
1283,진촌항,경상남도 통영시 사량면 금평리,34-50-33.49N,128-13-21.18E
1284,돈지항,경상남도 통영시 사량면 돈지리,34-50-12.00N,128-10-55.73E
1285,낙지포항,경상남도 사천시 서포면 비토리,34-57-58.32N,127-58-15.33E
1286,늑도항,경상남도 사천시 늑도동,34-55-28.43N,128-02-21.03E
1287,냉천항,경상남도 남해군 창선면 당항리,34-54-23.93N,128-01-44.35E
1288,적량항,경상남도 남해군 창선면 진동리,34-51-32.16N,128-03-33.00E
1289,장포항,경상남도 남해군 창선면 진동리,34-50-46.88N,128-03-48.26E
1290,신흥항,경상남도 남해군 창선면 지족리,34-50-44.77N,127-58-14.62E
1291,지족항,경상남도 남해군 삼동면 지족리,34-49-57.17N,128-00-08.26E
1292,은점항,경상남도 남해군 삼동면 물건리,34-47-07.30N,128-03-08.47E
1293,원천항,경상남도 남해군 이동면 신전리,34-45-48.78N,127-56-49.79E
1294,선소항,경상남도 남해군 남해읍 선소리,34-50-50.01N,127-54-55.69E
1295,서상항,경상남도 남해군 서면 서상리,34-48-34.11N,127-49-55.04E
1296,유포항,경상남도 남해군 서면 노구리,34-51-50.38N,127-48-46.15E
1297,중평항,경상남도 하동군 금남면 중평리,34-58-22.95N,127-54-33.89E
1298,계동항,전라남도 여수시 돌산읍 평사리,34-39-50.75N,127-47-42.10E
1299,죽포항,전라남도 여수시 돌산읍 죽포리,34-38-39.99N,127-47-42.62E
1300,소율항,전라남도 여수시 돌산읍 율림리,34-36-14.53N,127-47-39.99E
1301,성두항,전라남도 여수시 돌산읍 금성리,34-35-15.18N,127-46-54.34E
1302,횡간도항,전라남도 여수시 남면 횡간리,34-34-47.21N,127-45-25.79E
1303,우학항,전라남도 여수시 남면 우학리,34-30-36.30N,127-46-04.94E
1304,심포항,전라남도 여수시 남면 심장리,34-29-51.11N,127-46-19.59E
1305,함구미항,전라남도 여수시 남면 유송리,34-32-19.13N,127-42-34.27E
1306,세포항,전라남도 여수시 화양면 안포리,34-38-15.80N,127-38-05.29E
1307,상진항,전라남도 보성군 벌교읍 장암리,34-48-53.60N,127-24-41.63E
1308,남성항,전라남도 고흥군 포두면 남성리,34-31-15.36N,127-25-51.94E
1309,덕흥항,전라남도 고흥군 동일면 덕흥리,34-31-46.27N,127-26-21.11E
1310,봉남항,전라남도 고흥군 동일면 봉영리,34-29-01.83N,127-29-19.51E
1311,염포항,전라남도 고흥군 봉래면 외초리,34-25-29.23N,127-29-30.51E
1312,서도항,전라남도 여수시 삼산면 서도리,34-03-09.77N,127-17-46.25E
1313,하동항,전라남도 고흥군 도화면 구암리,34-28-11.12N,127-17-42.64E
1314,죽도항,전라남도 고흥군 도화면 지죽리,34-26-49.68N,127-17-46.37E
1315,명천항,전라남도 고흥군 금산면 신평리,34-28-09.38N,127-13-47.54E
1316,금진항,전라남도 고흥군 금산면 신촌리,34-29-26.34N,127-07-19.58E
1317,장수항,전라남도 고흥군 도양읍 장계리,34-34-28.26N,127-07-58.66E
1318,수문항,전라남도 장흥군 안양면 수문리,34-37-48.38N,127-01-56.41E
1319,장환항,전라남도 장흥군 관산읍 고마리,34-34-02.31N,126-59-52.75E
1320,울포항,전라남도 완도군 금당면 차우리,34-25-36.72N,127-04-28.75E
1321,동백항,전라남도 완도군 금일읍 동백리,34-19-47.04N,127-02-44.49E
1322,서성항,전라남도 완도군 생일면 유서리,34-20-06.39N,126-59-47.45E
1323,옹암항,전라남도 장흥군 대덕읍 옹암리,34-26-07.20N,126-53-08.28E
1324,가교항,전라남도 완도군 고금면 가교리,34-26-03.79N,126-48-56.74E
1325,연동항,전라남도 완도군 고금면 장풍리,34-22-59.08N,126-48-27.83E
1326,장용항,전라남도 완도군 약산면 장용리,34-24-09.82N,126-54-27.71E
1327,월양항,전라남도 완도군 신지면 윌부리,34-18-48.27N,126-50-18.77E
1328,모서항,전라남도 완도군 청산면 모도리,34-12-12.07N,126-45-06.71E
1329,사초항,전라남도 강진군 신전면 사초리,34-28-22.25N,126-45-13.73E
1330,내동항,전라남도 해남군 북일면 내동리,34-26-32.37N,126-43-29.16E
1331,영전항,전라남도 해남군 북평면 영전리,34-20-10.40N,126-36-09.11E
1332,동천항,전라남도 완도군 노화읍 동천리,34-12-00.96N,126-37-21.39E
1333,미라항,전라남도 완도군 소안면 미라리,34-08-53.04N,126-40-15.11E
1334,진산항,전라남도 완도군 소안면 진산리,34-07-48.32N,126-38-41.12E
1335,방축항,전라남도 완도군 노화읍 방서리,34-10-53.90N,126-29-44.29E
1336,하귀1리항,제주특별자치도 제주시 애월읍 하귀1리,33-29-09.16N,126-24-25.00E
1337,귀덕1리항,제주특별자치도 제주시 한림읍 귀덕리,33-26-44.60N,126-17-34.46E
1338,신창항,제주특별자치도 제주시 북제주군 한경면 신창리,33-20-53.78N,126-10-43.58E
1339,고산항,제주특별자치도 제주시 북제주군 한경면 고산리,33-18-38.03N,126-09-52.98E
1340,가파항,제주특별자치도 서귀포시 대정읍 가파리,33-09-56.52N,126-16-27.44E
1341,사계항,제주특별자치도 서귀포시 안덕면 사계리,33-13-38.27N,126-18-24.85E
1342,대포항,제주특별자치도 서귀포시 대포동,33-14-16.27N,126-26-17.47E
1343,법환항,제주특별자치도 서귀포시 법환동,33-14-10.58N,126-31-03.11E
1344,태흥2리항,제주특별자치도 서귀포시 남원읍 태흥리,33-17-07.58N,126-45-05.65E
1345,표선항,제주특별자치도 서귀포시 표선면 표선리,33-19-33.61N,126-50-45.91E
1346,두무진항,인천광역시 옹진군 백령면 연화3리,37-58-37.42N,124-37-08.90E
1347,옥죽포항,인천광역시 옹진군 대청면 대청3리,37-50-51.80N,124-42-30.48E
1348,답동항,인천광역시 옹진군 대청면 소청1리,37-46-35.68N,124-44-42.23E
1349,소연평항,인천광역시 옹진군 연평면 소연평리,37-36-44.86N,125-42-30.27E
1350,주문항,인천광역시 강화군 서도면 주문도리,37-39-19.44N,126-14-12.39E
1351,장곶항,인천광역시 강화군 삼산면 매음리,37-39-13.20N,126-19-34.84E
1352,창후항,인천광역시 강화군 내가면 창후리,37-46-13.78N,126-21-14.83E
1353,외포항,인천광역시 강화군 내가면 외포리,37-41-59.60N,126-22-40.13E
1354,후포항,인천광역시 강화군 화도면 내리,37-38-27.02N,126-23-34.39E
1355,선두항,인천광역시 강화군 길상면 선두리,37-35-50.04N,126-29-49.69E
1356,대명항,경기도 김포시 대곶면 대명리,37-38-20.31N,126-32-23.65E
1357,대무의항,인천광역시 중구 무의동,37-24-38.14N,126-24-49.31E
1358,광명항,인천광역시 중구 무의동,37-22-25.20N,126-26-09.02E
1359,진리항,인천광역시 옹진군 덕적면 진리,37-13-04.69N,126-08-52.40E
1360,자월1리항,인천광역시 옹진군 자월면 자월1리,37-15-10.16N,126-18-08.29E
1361,제부항,경기도 화성시 서신면 제부리,37-10-44.94N,126-37-22.20E
1362,탄도항,경기도 안산시 단원구 선감동,37-11-24.26N,126-38-49.30E
1363,전곡항,경기도 화성시 서신면 전곡리,37-11-13.43N,126-38-54.47E
1364,풍도항,경기도 안산시 단원구 풍도동,37-06-42.88N,126-23-39.23E
1365,난지도항,충청남도 당진시 석문면 난지도리,37-03-14.36N,126-27-01.76E
1366,만대항,충청남도 태안군 이원면 내리,36-57-57.01N,126-18-17.73E
1367,구도항,충청남도 서산시 팔봉면 호리,36-49-41.02N,126-19-29.43E
1368,학암포항,충청남도 태안군 원북면 방갈리,36-54-05.90N,126-12-26.34E
1369,천리포항,충청남도 태안군 소원면 의항리,36-48-10.94N,126-08-46.74E
1370,만리포항,충청남도 태안군 소원면 모항리,36-47-07.13N,126-08-01.68E
1371,어은돌항,충청남도 태안군 소원면 모항리,36-45-00.08N,126-07-41.07E
1372,통개항,충청남도 태안군 소원면 파도리,36-43-26.13N,126-08-35.62E
1373,가의도항,충청남도 태안군 근흥면 가의도리,36-40-19.62N,126-03-56.49E
1374,채석포항,충청남도 태안군 근흥면 도황리,36-41-39.36N,126-13-47.32E
1375,몽산포항,충청남도 태안군 남면 몽산리,36-40-15.13N,126-16-13.34E
1376,마검포항,충청남도 태안군 남면 신온리,36-37-24.14N,126-17-10.90E
1377,백사장항,충청남도 태안군 안면읍 창기리,36-35-10.96N,126-18-57.19E
1378,방포항,충청남도 태안군 안면읍 승언리,36-30-13.89N,126-19-55.93E
1379,영목항,충청남도 태안군 고남면 고남리,36-23-56.12N,126-25-38.95E
1380,간월도항,충청남도 서산시 부석면 간월도리,36-36-20.49N,126-24-34.12E
1381,궁리항,충청남도 홍성군 서부면 궁리,36-35-21.80N,126-27-20.74E
1382,어사항,충청남도 홍성군 서부면 어사리,36-33-01.70N,126-27-50.45E
1383,장고도항,충청남도 보령시 오천면 삽시도리,36-23-27.04N,126-20-27.16E
1384,고대도항,충청남도 보령시 오천면 삽시도리,36-23-29.16N,126-22-13.34E
1385,원산도항,충청남도 보령시 오천면 원산도리,36-23-01.78N,126-26-03.77E
1386,삽시도항,충청남도 보령시 오천면 삽시도리,36-21-10.04N,126-21-47.74E
1387,효자도항,충청남도 보령시 오천면 효자도리,36-22-44.17N,126-26-23.68E
1388,호도항,충청남도 보령시 오천면 녹도리,36-18-13.17N,126-15-55.20E
1389,녹도항,충청남도 보령시 오천면 녹도리,36-16-09.71N,126-16-03.83E
1390,월하성항,충청남도 서천군 서면 월호리,36-07-55.48N,126-33-49.02E
1391,다사항,충청남도 서천군 비인면 다사리,36-05-43.15N,126-36-48.89E
1392,송석항,충청남도 서천군 마서면 송석리,36-04-34.92N,126-37-16.56E
1393,방축도항,전라북도 군산시 옥도면 방축도리,35-50-54.46N,126-22-42.55E
1394,선유도항,전라북도 군산시 옥도면 선유도리,35-49-33.61N,126-25-05.15E
1395,무녀도항,전라북도 군산시 옥도면 방축도리,35-48-08.91N,126-26-21.63E
1396,비안도항,전라북도 군산시 옥도면 비안도리,35-44-13.26N,126-27-34.51E
1397,송포항,전라북도 부안군 변산면 대항리,35-40-35.09N,126-31-35.96E
1398,성천항,전라북도 부안군 변산면 운산리,35-39-24.93N,126-29-55.72E
1399,궁항항,전라북도 부안군 변산면 격포리,35-36-02.26N,126-28-11.56E
1400,곰소항,전라북도 부안군 진서면 진서리,35-35-06.15N,126-36-27.34E
1401,식도항,전라북도 부안군 위도면 식도리,35-37-24.89N,126-17-17.08E
1402,동호항,전라북도 고창군 해리면 동호리,35-31-22.25N,126-29-06.10E
1403,법성항,전라남도 영광군 법성면 법성리,35-21-36.41N,126-26-13.91E
1404,설도항,전라남도 영광군 염산면 봉남리,35-12-37.89N,126-22-31.20E
1405,도리포항,전라남도 무안군 해제면 송석리,35-09-19.94N,126-20-48.11E
1406,재원항,전라남도 신안군 임자면 재원리,35-05-07.53N,126-01-51.78E
1407,검산항,전라남도 신안군 증도면 방축리,34-59-39.42N,126-06-29.35E
1408,톱머리항,전라남도 무안군 망운면 피서리,34-57-58.86N,126-23-23.12E
1409,추포항,전라남도 신안군 암태면 수곡리,34-47-45.57N,126-04-43.53E
1410,다수항,전라남도 신안군 장산면 다수리,34-37-05.80N,126-09-00.23E
1411,수대항,전라남도 신안군 비금면 수대리,34-43-11.35N,125-56-00.15E
1412,화도항,전라남도 신안군 도초면 발매리,34-42-57.77N,125-56-08.15E
1413,소우이도항,전라남도 신안군 도초면 우이도리,34-36-35.25N,125-52-19.04E
1414,영산항,전라남도 신안군 흑산면 영산리,34-39-07.08N,125-27-50.91E
1415,사리항,전라남도 신안군 흑산면 사리,34-38-33.58N,125-24-49.44E
1416,심리항,전라남도 신안군 흑산면 심리,34-39-02.53N,125-23-42.88E
1417,하태항,전라남도 신안군 흑산면 태도리,34-23-37.28N,125-17-50.88E
1418,만재항,전라남도 신안군 흑산면 만재도리,34-12-33.40N,125-28-19.85E
1419,우수영항,전라남도 해남군 문내면 선두리,34-35-17.39N,126-18-32.01E
1420,벌포항,전라남도 진도군 고군면 지막리,34-28-18.28N,126-22-21.12E
1421,용호항,전라남도 진도군 고군면 금계리,34-26-40.41N,126-21-57.42E
1422,굴포항,전라남도 진도군 임회면 굴포리,34-22-08.86N,126-12-30.96E
1423,관호항,전라남도 진도군 조도면 관매도리,34-14-16.18N,126-02-31.47E
1424,성등포항,전라남도 진도군 조도면 여미리,34-19-18.35N,126-01-13.32E
1425,창유항,전라남도 진도군 조도면 창유리,34-18-20.11N,126-03-12.30E
1426,징의항,전라남도 해남군 황산면 한자리,34-31-16.90N,126-27-20.82E
1427,송평항,전라남도 해남군 화산면 평호리,34-25-30.17N,126-29-00.97E
1428,학가항,전라남도 해남군 송지면 학가리,34-24-16.98N,126-29-24.70E
1429,어불항,전라남도 해남군 송지면 어란리,34-20-13.70N,126-28-32.35E
1430,송호항,전라남도 해남군 송지면 송호리,34-18-55.29N,126-30-57.48E
1431,눌차항,부산광역시 강서구 눌차동,35-04-25.91N,128-50-28.46E
1432,조라항,경상남도 거제시 옥포동,34-53-22.55N,128-41-50.29E
1433,동고항,전라남도 완도군 신지면 동고리,34-20-20.57N,126-52-51.20E
1434,하효항,제주특별자치도 서귀포시 하효동,33-14-49.47N,126-37-16.05E
1435,원평항,전라남도 신안군 비금면 신원리,34-46-45.70N,125-54-35.30E
1436,장봉항,인천광역시 옹진군 북도면 장봉리,37-31-41.76N,126-20-13.27E
1437,울도항,인천광역시 옹진군 덕적면 울도리,37-01-37.51N,126-00-11.94E
1438,경인항,인천광역시 서구 경서동,37-33-39.96N,126-36-23.53E
1439,목포항,전라남도 목포시,34-46-31.90N,126-23-11.46E
1440,여수항,전라남도 여수시,34-44-56.59N,127-45-24.46E
1441,마산항,경상남도 창원시,35-11-09.93N,128-34-37.62E
1442,인천항(북항),인천광역시,37-29-34.92N,126-37-02.68E
1443,인천항(내항),인천광역시,37-27-55.30N,126-36-39.02E
1444,울산항,울산광역시,35-26-10.75N,129-23-58.10E
1445,인천항(연안항),인천광역시,37-27-22.21N,126-35-18.26E
1446,포항항,경상북도 포항시,36-03-29.38N,129-26-21.04E
1447,인천항(남항),인천광역시,37-26-45.24N,126-36-32.21E
1448,동해항,강원도 동해시,37-30-08.63N,129-08-41.34E
1449,묵호항,강원도 동해시,37-32-44.28N,129-07-31.71E
1450,대산항,충청남도 서산시 대산읍,37-01-19.38N,126-20-59.41E
1451,장항항,충청남도 서천군 장항읍,36-00-15.88N,126-40-41.87E
1452,군산항,전라북도 군산시,35-59-17.85N,126-33-24.53E
1453,평택당진항,경기도 평택시 포승면,36-59-24.19N,126-45-46.38E
1454,평택당진항,충청남도 당진군 송악면,36-59-24.19N,126-45-46.38E
1455,광양항,전라남도 광양시,34-52-17.20N,127-40-27.61E
1456,부산항,경상남도 창원시,35-01-40.68N,128-55-21.49E
1457,완도항,전라남도 완도군 완도읍 군내리,34-19-30.71N,126-45-42.95E
1458,삼천포항,경상남도 사천시,34-54-49.91N,128-04-51.84E
1459,통영항,경상남도 통영시,34-50-13.02N,128-25-08.27E
1460,장승포항,경상남도 거제시 장승포동,34-51-39.56N,128-43-43.84E
1461,진해항,경상남도 창원시,35-07-22.39N,128-41-12.18E
1462,호산항,강원도 삼척시,37-10-43.93N,129-21-44.09E
1463,삼척항,강원도 삼척시,37-26-05.45N,129-11-43.50E
1464,옥계항,강원도 강릉시,37-37-29.20N,129-04-20.98E
1465,속초항,강원도 속초시,38-12-02.09N,128-36-00.35E
1466,제주항,제주특별자치도 제주시 임항로,33-31-36.82N,126-32-56.44E
1467,서귀포항,제주특별자치도 서귀포시 송산동,33-14-04.74N,126-33-56.58E
1468,태안항,충청남도 태안군 원북면 방갈리,36-54-56.39N,126-13-22.47E
1469,보령항,충청남도 보령시 오천면 오포리,36-23-56.65N,126-28-25.74E
1470,옥포항,경상남도 거제시,34-53-14.05N,128-42-36.66E
1471,서울항,서울특별시 영등포구 여의도동,37-31-43.44N,126-56-6.93E
1472,하동항,경상남도 하동군 금성면,34-56-36.91N,127-49-39.16E
1473,고현항,경상남도 거제시,34-55-03.13N,128-35-53.73E
1474,용기포항,인천광역시 옹진군 백령면 진촌리,37-57-23.04N,124-44-15.49E
1475,진도항,전라남도 진도군 임회면 연동리,34-22-43.69N,126-08-05.70E
1476,땅끝항,전라남도 해남군 송지면 송호리,34-17-55.81N,126-31-55.36E
1477,거문도항,전라남도 여수시 삼사면 거문리,34-01-35.80N,127-18-28.07E
1478,나로도항,전라남도 고흥군 봉래면 신금리,34-27-35.82N,127-27-09.69E
1479,부산남항,부산광역시 영도구 남항동,35-05-22.37N,129-01-47.44E
1480,연평도항,인천광역시 옹진군 연평면 연평리,37-39-32.80N,125-42-32.42E
1481,구룡포항,경상북도 포항시,35-59-10.70N,129-33-19.33E
1482,강구항,경상북도 영덕군 강구면,36-21-12.76N,129-23-27.13E
1483,후포항,경상북도 울진군 후포면,36-40-37.88N,129-27-23.81E
1484,울릉항(도동),경상북도 울릉군,37-28-48.26N,130-54-37.43E
1485,울릉항(사동),경상북도 울릉군,37-27-36.22N,130-52-41.76E
1486,주문진항,강원도 강릉시 주문진읍,37-53-20.06N,128-49-53.06E
1487,추자항,제주특별자치도 제주시 추자면,33-57-38.15N,126-18-08.63E
1488,애월항,제주특별자치도 제주시 애월읍,33-28-05.03N,126-19-33.65E
1489,한림항,제주특별자치도 제주시 한림읍,33-25-13.65N,126-15-13.10E
1490,성산포항,제주특별자치도 서귀포시 성산읍,33-28-37.96N,126-55-52.27E
1491,대천항,충청남도 보령시 신흑동,36-21-14.41N,126-30-47.69E
1492,비인항,충청남도 서천군 서면 마량리,36-07-36.50N,126-30-29.63E
1493,송공항,전라남도 신안군 압해읍 송공리,34-50-38.36N,126-13-48.98E
1494,홍도항,전라남도 신안군 흑산면 홍도리,34-40-46.71N,125-11-43.92E
1495,흑산도항,전라남도 신안군 흑산면,34-41-27.33N,125-26-12.72E
1496,상왕등도항,전라북도 부안군 위도면 상왕등리,35-39-32.77N,126-06-41.25E
1497,화흥포항,전라남도 완도군 완도읍,34-18-34.11N,126-40-20.38E
1498,화순항,제주특별자치도 서귀포시 안덕면 화순리,33-13-54.45N,126-19-22.42E
1499,가거항리항,전라남도 신안군 가거항리,34-04-36.43N,125-05-30.84E
1500,신마항,전라남도 강진군 마량면,34-26-57.74N,126-49-56.81E
1501,녹동신항,전라남도 고흥군 도양읍,34-31-17.60N,127-08-39.23E
1502,국도항,경상남도 통영시 욕지면 동항리,34-32-48.52N,128-26-27.55E
1503,중화항,경상남도 통영시 산양읍,34-47-12.78N,128-23-12.56E
1504,비응항,전라북도 군산시 비응도동,35-56-08.62N,126-31-45.49E
1505,수산항마리나,강원도 양양군 손양면 수산리,38-04-40.61N,128-40-35.10E
1506,강릉항마리나,강원도 강릉시 견소동,37-46-18.66N,128-57-09.08E
1507,후포항마리나,경상북도 울진군 후포면 후포리,36-40-41.34N,129-27-07.11E
1508,양포항마리나,경상북도 포항시 남구 장기면 양포리,35-52-42.27N,129-31-12.10E
1509,독도,경상북도 울릉군 울릉읍 독도리,37-14-25.31N,131-52-03.32E
1510,왕산마리나,인천광역시 중구 을왕동,37-27-23.75N,126-21-38.05E
1511,전곡항마리나,경기도 화성시 서신면 전곡리,37-11-13.05N,126-38-57.75E
1512,평택호요트장,경기도 평택시 현덕면,36-54-57.91N,126-55-09.64E
1513,보령요트장,충청남도 보령시 남포면 월전리,36-16-00.52N,126-32-44.87E
1514,변산요트장,전라북도 부안군 변산면 격포리,35-36-16.26N,126-27-53.19E
1515,목포마리나,전라남도 목포시 영해동,34-47-01.60N,126-23-18.23E
1516,수영만마리나,부산광역시 해운대구 우1동,35-09-32.94N,129-08-18.37E
1517,김포마리나,경기도 김포시 고촌읍 전호리,37-35-51.36N,126-47-21.88E
